ï»¿,created at,from user,text
0,4/2/2023 18:35,murianewscom,"#timnasindonesia #lebanon #seagames2023 #ujicoba 

Timnas Indonesia U-22 Ujicoba Vs Lebanon

https://t.co/2uBr7rOHnv"
1,4/2/2023 17:30,ThePhraseID,"Para pemain Timnas Indonesia mengaku masih ingin berkuliah, menjadi TNI, polisi, dan lain-lain saat ditanya Presiden RI Joko Widodo.
#ThePhraseID #Jokowi #JokoWidodo #presidenjokowi #TimnasU20 #timnasindonesia #PialaDuniaU20 @jokowi @PSSI 
https://t.co/72uIu2fzR9"
2,4/2/2023 16:30,ThePhraseID,"Timnas Indonesia U-20 secara resmi dibubarkan setelah Indonesia batal selenggarakan Piala Dunia U-20 2023 sebagai tuan rumah.
#ThePhraseID #TimnasU20 #timnasindonesia #Indonesia #PialaDuniaU20 #shintaeyong #PSSI @PSSI 
https://t.co/tBInREqGa1"
3,4/2/2023 15:00,ThePhraseID,Presiden Joko Widodo memberikan semangat kepada Timnas Indonesia U-20. Pria asal Solo itu mengatakan bahwa jalan Garuda Nusantara masih sangat panjang #ThePhraseID #TimnasU20 #TimnasIndonesia #JokoWidodo  https://t.co/mKz0nuRvpk
4,4/2/2023 14:54,kecambah_kacang,"Timnas Sepakbola Putri Indonesia bersiap hadapi laga di Kualifikasi #olipiadeparis2024 
https://t.co/PWpXqb3Y3p
#AustralianGP #timnasday #TimnasU20 #timnasindonesia #JoshuaFranklin #BBTitans #SUGA_AgustD_TOUR #PSSI"
5,4/2/2023 14:17,IkramMalvin,"#PialaDuniaU20
#StandarGanda
#FIFA
#PSSI
#U20
#SepakBolaIndonesia
#TimnasIndonesia
#KecamFIFA https://t.co/o3rBLP3OzS"
6,4/2/2023 14:00,ThePhraseID,"Pelatih Timnas Indonesia U-22, Indra Sjafri memanggil 36 pemain. Arsitek asal Pesisir Selatan, Sumatera Barat itu tengah mempersiapkan untuk SEA Games 2023 Kamboja #ThePhraseID #TimnasIndonesia #SEAGames2023 #Kamboja
https://t.co/TurTbIYpWS"
7,4/2/2023 13:36,fajaronline,"Jelang Kualifikasi Olimpiade Paris 2024, Timnas Wanita Indonesia Kembali Lakukan Pemusatan Latihan https://t.co/hwgeBH4BWI #OlimpiadeParis2024 #TimnasIndonesia"
8,4/2/2023 12:55,wansebats,"Moh Salah mendukung tindakan Indonesia

#PialaDuniaU20 #StandarGanda #FIFA #PSSI #U20 #SepakBolaIndonesia #TimnasIndonesia #KecamFIFA https://t.co/YiyJAJLgGc"
9,4/2/2023 12:55,wansebats,"No Drama, kita masih menjadi terhormat

#PialaDuniaU20 #StandarGanda #FIFA #PSSI #U20 #SepakBolaIndonesia #TimnasIndonesia #KecamFIFA https://t.co/TEFpaGtHc8"
10,4/2/2023 12:52,GianoJuan,"Pesepakbola Senior saja dukung Indonesia

#PialaDuniaU20 #StandarGanda #FIFA #PSSI #U20 #SepakBolaIndonesia #TimnasIndonesia #KecamFIFA https://t.co/6G1dSSwtCI"
11,4/2/2023 12:52,GianoJuan,"Indonesia terhormat dan kuat!

#PialaDuniaU20 #StandarGanda #FIFA #PSSI #U20 #SepakBolaIndonesia #TimnasIndonesia #KecamFIFA https://t.co/g5dIKLwoe0"
12,4/2/2023 12:47,fajaronline,"Ada Wacana Pemain Timnas U-20 Akan Digabung Satu Tim dan Ikut di Liga, Panca: Pantas Tidak Maju-maju https://t.co/cJnNf1B1Ng #CiptaPancaLaksana #demokrat #PialaDuniaU-20 #TimnasIndonesia"
13,4/2/2023 11:00,lensaRTV,"Pemain timnas U-20 Dimas Pamungkas kesel karena  Piala Dunia batal di Indonesia. 
Bakal curhat apalagi ya? Tonton  lengkapnya di Lensa Indonesia Siang, Senin (3/4) pukul 10.00 WIB.

#pialadunia #pialaduniaU20 #timnas #timnasindonesia #sepakbola #timnasU20 #tuanrumah https://t.co/i4IoOlC8UO"
14,4/2/2023 10:26,al_almulthaf,"Highlight FIFA Matchday Indonesia Vs Burundi 3-1 25/03/2023
#indonesiavsburundi ,#timnasindonesia ,#indonesia ,#beritabolaterbaru ,#beritabolaterbaruhariini ,#beritabolaterbaruhariini2023 
https://t.co/NA44sRZmzJ"
15,4/2/2023 10:13,Lintas_MNCTV,#PresidenJokowi #TImnasIndonesia #TimnasU20 #PialaDuniaU20 #Pelatih #ShinTaeYong #Infografis #MNCTV #LintasiNews
16,4/2/2023 9:02,slotasiabet,"ð—ð—®ð˜ƒð—¶ð—²ð—¿ ð—­ð—®ð—»ð—²ð˜ð˜ð—¶ ð˜ƒ ð—Ÿð—®ð˜‡ð—¶ð—¼, ðŸ­ðŸµðŸµðŸ´_ ðŸ²ðŸ¬ ð—šð—¼ð—¹ ð—Ÿð˜‚ð—®ð—¿ ð—•ð—¶ð—®ð˜€ð—® ð—¨ð—˜ð—™ð—”

more info : https://t.co/CxvmmXFPgM

#timnas #persija #timnasindonesia #persib #supporterindonesia #fyp
ððžð­ð¢ð¤ðœð¨ð¦, ð…ðšð¤ð­ðšðð¨ð¥ðš, ð‹ðˆðð”ð“ð€ððŸ”, ð¤ð®ð¦ð©ðšð«ðšð§ https://t.co/XvChkpH7fn"
17,4/2/2023 9:02,Slotasiabet2,"ð—šð—¼ð—¹ ð—§ð—²ð—¿ð—®ð˜ð—®ð˜€ ð—§ð˜‚ð—¿ð—¶ð—» ð——ð—²ð—¿ð—¯ð˜† _ ð—§ð—¿ð—²ð˜‡ð—²ð—´ð˜‚ð—²ð˜, ð—£ð—¶ð—¿ð—¹ð—¼, ð—Ÿð—¼ð—°ð—®ð˜ð—²ð—¹ð—¹ð—¶ part2

more info : â˜ž https://t.co/5o6M5KsNZj

#timnas #persija #timnasindonesia #persib #supporterindonesia #fyp
ð—½ð—®ð—´ð—¶, ð˜€ð—¼ð—¿ð—², ð—ºð—®ð—¹ð—®ð—º, ð—¿ð—²ð˜€ð—½ð—²ð—°ð˜, ðˆð§ðð¨ð¬ð¢ðšð« https://t.co/0jatC4yOav"
18,4/2/2023 9:02,slotasiabet3,"ð—¸ð—²ð—´ð—®ð—´ð—®ð—¹ð—®ð—» ð—±ð—®ð—¹ð—®ð—º ð˜€ð—®ð˜ð˜‚ ð˜ð—¿ð—¶ð—¹ð—¶ð˜‚ð—» ðŸ˜¬

more info : https://t.co/TLoZ011eMd

#timnas #persija #timnasindonesia #persib #supporterindonesia #fyp
ðˆð§ðð¨ð¬ð¢ðšð«ð’ð©ð¨ð«ð­ð¬, ð‘ð‚ð“ðˆ+, ðð„ð‘ð’ðˆð, ððžð«ð¬ð¢ð£ðš ð‰ðšð¤ðšð«ð­ðš, ððžð­ð¢ð¤ðœð¨ð¦ https://t.co/zV9fmpPkFR"
19,4/2/2023 5:44,skorindonesia,"Jangan lupa tetap dukung UMKM Indonesia, Skorer! ðŸ˜

#BreakingSkor #timnasindonesia #umkm https://t.co/mdmWOhRtIT"
20,4/2/2023 5:42,Beritabaruco,"Marselino Ferdinan Dimainkan, KMSK Deinze Menang Banyak https://t.co/NbNEpIcGJh #KMSKDeinze #MarselinoFerdinan #PSSI #TimnasIndonesia https://t.co/SxPaq5CdCa"
21,4/2/2023 5:30,GOAL_ID,"Marselino Ferdinan mendapat kepercayaan untuk main sejak menit pertama di Belgia ðŸ‘

#GarudaDiRantau #TimnasIndonesia 

https://t.co/tyOZ2IFw1F"
22,4/2/2023 0:36,officialntv_,"Jokowi Motivasi Timnas U-20 Usai Gagal Jadi Tuan Rumah Piala Dunia

https://t.co/dTprfJjvUb

#Sepakbola #Jokowi #TimnasU20 #timnasindonesia #PSSI #motivasi #beritabola #sepakbolaindonesia #pialaduniau20"
23,4/1/2023 21:50,GOAL_ID,"Saat ini kondisi skuad #timnasIndonesia U-20 sedang hancur karena batal berlaga di #PialaDuniaU20 2023. 

https://t.co/5esbfX9FUj"
24,4/1/2023 21:24,nafisahtanjung,Tetap semangat ya broo  #timnasindonesia #timnasu20 https://t.co/NKUvI5S0md
25,4/1/2023 21:24,sobat_jokowi,Semangat generasi masa depan sepak bola Indonesia   #timnasindonesia #timnasu20 https://t.co/MDiftD5G4e
26,4/1/2023 21:21,megakumalasarie,Tetap semangat bosque #timnasindonesia #timnasu20 https://t.co/Hk65qDpc2h
27,4/1/2023 21:07,RoketIndo,"Instruksi Pak Presiden Jokowi jelas dan tegas untuk #TransformasiPssi

Dengan di pegang oleh sosok yang tepat, Pak Jokowi berharap #PSSI kedepannya akan berjalan kearah yang lebih baik

Semangat Terus Pak #ErickThohir

#SepakbolaIndonesia #KerjaSatsET #TimnasIndonesia #PialaDunia https://t.co/r7eQcLKXNu"
28,4/1/2023 17:36,wahananewsdotco,Media Palestina Soroti Indonesia yang Urung Jadi Rumah PD U-20 https://t.co/w6HYAFLcKn #Fifa #PialaDunia #U20 #TimnasIndonesia
29,4/1/2023 17:06,bolaskorcom,"CEO Kalteng Putra, Agustiar Sabran, memberikan semangat kepada penggawa Timnas Indonesia U-20.

#bolaskorcom #timnasindonesia #pssi #u20wc  

https://t.co/Uf7twWFaux"
30,4/1/2023 17:03,jpnncom,"#VideoTerpopuler 
Target Shin Tae Yong Setelah Indonesia Gagal Menjadi Tuan Rumah Piala Dunia U-20
#ShinTaeYong #TimnasIndonesia #PialaDuniaU20

https://t.co/zR6VagW592"
31,4/1/2023 16:28,skorindonesia,"Presiden Jokowi menemui pemain Timnas Indonesia U-20 dan U-22 di Stadion Utama Gelora Bung Karno. Jokowi tampak menyalami sejumlah pemain timnas dan berbincang dengan Coach STY. 

Saat ini sedang dilakukan jumpa pers terkait kunjungan ini.  

#BreakingSkor #TimnasIndonesia https://t.co/UEEtXY2L9C"
32,4/1/2023 16:19,GianoJuan,"Bukan kiamat ini jadi harus ikhlas

#PialaDuniaU20 #FIFA #SepakBolaIndonesia #TimnasIndonesia https://t.co/XjAkGY6AjK"
33,4/1/2023 16:18,GianoJuan,"Jangan gaduh dan jangan ada drama

#PialaDuniaU20 #FIFA #SepakBolaIndonesia #TimnasIndonesia https://t.co/gitrcWV2iH"
34,4/1/2023 16:18,wansebats,"Yang sabar jangan gaduh

#PialaDuniaU20 #FIFA #SepakBolaIndonesia #TimnasIndonesia https://t.co/KsgMy9XaWw"
35,4/1/2023 16:18,wansebats,"Harus ikhlas ya teman teman

#PialaDuniaU20 #FIFA #SepakBolaIndonesia #TimnasIndonesia https://t.co/DrBmbYrCaj"
36,4/1/2023 15:49,tribunkaltim,"Ambisi Shin Tae-yong Bawa Timnas Indonesia Tembus Piala Dunia 2026, Sandy Walsh: Itu Target Utama
 
https://t.co/dZY1cDW5od lewat @tribunkaltim 

#ShinTaeyong #TimnasIndonesia #PialaDunia #SandyWalsh #beritabolaterbaru"
37,4/1/2023 15:13,IkramMalvin,"#PialaDuniaU20
#FIFA
#SepakBolaIndonesia
#TimnasIndonesia https://t.co/0XfeeJ01jb"
38,4/1/2023 15:12,IkramMalvin,"#PialaDuniaU20
#FIFA
#SepakBolaIndonesia
#TimnasIndonesia https://t.co/sqNPxTnbXU"
39,4/1/2023 13:39,kdslots777,"HALO APRIL APAKABAR KAMU HARI INI?

ðŸ”¥LUCKY EGG APRIL LEBARAN 2023ðŸ”¥
ðŸ”¥DEPO VIRTUAL ACCOUNT BEBAS BIAYAðŸ”¥
ðŸ”¥TOURNAMENT MEWAH KDSLOTSðŸ”¥
ðŸ”¥SUGAR RUSH ADA EXTRA BONUSðŸ”¥
ðŸ”¥KAOS GRATIS DARI AKUNG KDSLOTSðŸ”¥

#april #aprilmop #timnasindonesia #u20 #pialaduniau20 #viral #beritaterkini https://t.co/fnjMPjAB4Q"
40,4/1/2023 11:44,kdslots777,"BADUT JOKER BARIS 4 CUAN SIANG HARI

Menang banyak panen banyak duit uhui selamat bos bisa buat lebaran jangan lupa bagi - bagi THR ke saudara ðŸ˜ŠðŸ™ðŸ»

âš¡ï¸BONUS DEPO 50% DAN 25 RB DI DEPANâš¡ï¸
âš¡ï¸KAOS GRATIS DARI KDSLOTSâš¡ï¸

#pragmaticplay #timnasindonesia #u20 #pialaduniau20 #viral https://t.co/17mO7zEIED"
41,4/1/2023 11:03,BorneoSMR,"ð†ð€ð‘ð”ðƒð€ ð‚ð€ð‹ð‹ðˆðð†!

Empat Pemain Borneo FC Yakni Fajar Fathur Rahman, Andy Harjito, Komang Teguh dan Taufany Mendapat Pemanggilan Timnas Untuk SEA Games 2023 di Kamboja.

Bawa Indonesia Meraih Emas!! MANYALA ðŸ‡®ðŸ‡©ðŸ”¥

#TimnasIndonesia #SEAGames2023 https://t.co/NwiRqyvarp"
42,4/1/2023 10:52,gerindra_sragen,"Prabowo Bertekad pada suatu hari Indonesia akan masuk Piala Dunia
dengan cara mempersiapkan bibit bibit muda hal ini sudah dilakukan Prabowo pada tahun 2022
#timnasIndonesia
#timnasU20
#mendingprabowo
#prabowosubianto
#gerindra
#gerindrajateng
#gerindrajawatengah
#gerindrasragen https://t.co/zvXRgFT7MT"
43,4/1/2023 10:02,detektifcoonan,Komentar najwa sihab ketika pesepakbola dihalang-halangi israel #TimnasIndonesia https://t.co/W5daV4maCC
44,4/1/2023 10:02,detektifcoonan,Komentar najwa sihab ketika pesepakbola dihalang-halangi israel #TimnasIndonesia https://t.co/I7yP9Mh6n2
45,4/1/2023 10:02,detektifcoonan,Komentar najwa sihab ketika pesepakbola dihalang-halangi israel #TimnasIndonesia https://t.co/RKmc17k283
46,4/1/2023 9:02,slotasiabet,"ð—žð—˜ð—”ð—ð—”ð—œð—•ð—”ð—¡â— _ ð—šð—¼ð—¹ ð—§ð—²ð—¿ð—¯ð—®ð—¶ð—¸ ð—£ð—¿ð—²ð—ºð—¶ð—²ð—¿ ð—Ÿð—²ð—®ð—´ð˜‚ð—² _ ð—ð—®ð—»ð˜‚ð—®ð—¿ð—¶ ð—½ð—®ð—¿ð˜ðŸ¯

more info : https://t.co/CxvmmXGn6k

#timnas #persija #timnasindonesia #persib #supporterindonesia #fyp
ðˆð§ðð¨ð¬ð¢ðšð«ð’ð©ð¨ð«ð­ð¬, ð‘ð‚ð“ðˆ+, ðð„ð‘ð’ðˆð, ððžð«ð¬ð¢ð£ðš https://t.co/nx2LPjoJz8"
47,4/1/2023 9:02,Slotasiabet1,"ð—›ð—œð—šð—›ð—Ÿð—œð—šð—›ð—§ð—¦ ð—œ ð—•ð—”ð—¥ð—–ð—” ðŸ® - ðŸ® ð— ð—”ð—¡ð—–ð—›ð—˜ð—¦ð—§ð—˜ð—¥ ð—¨ð—¡ð—œð—§ð—˜ð—— ð—œ ð—¨ð—˜ð—™ð—” ð—˜ð˜‚ð—¿ð—¼ð—½ð—® ð—Ÿð—²ð—®ð—´ð˜‚ð—² ðŸ”¥âš½

more info : â˜ž https://t.co/b79oClqfld

#timnas #persija #timnasindonesia #persib #supporterindonesia #fyp
ððžð­ð¢ð¤ðœð¨ð¦, ð…ðšð¤ð­ðšðð¨ð¥ðš, ð‹ðˆðð”ð“ð€ð https://t.co/BkoYVoOYZD"
48,4/1/2023 9:02,slotasiabet3,"ð—¸ð—²ð—´ð—®ð—´ð—®ð—¹ð—®ð—» ð—®ð—¸ð—¶ð—¯ð—®ð˜ ð˜€ð—®ð—¹ð—®ð—µ ð—µð—¶ð˜ð˜‚ð—»ð—´ ðŸ˜¬

more info : https://t.co/TLoZ011MBL

#timnas #persija #timnasindonesia #persib #supporterindonesia #fyp
ððžð«ð¬ð¢ð£ðš ð‰ðšð¤ðšð«ð­ðš, ððžð­ð¢ð¤ðœð¨ð¦, ð…ðšð¤ð­ðšðð¨ð¥ðš, ð‹ðˆðð”ð“ð€ððŸ”, ð•ð¢ðð¢ð¨, ð¤ð®ð¦ð©ðšð«ðšð§ https://t.co/Mpk5AhCOfg"
49,4/1/2023 9:02,Slotasiabet2,"ð—šð—¼ð—¹ ð—§ð—²ð—¿ð—®ð˜ð—®ð˜€ ð—§ð˜‚ð—¿ð—¶ð—» ð——ð—²ð—¿ð—¯ð˜† _ ð—§ð—¿ð—²ð˜‡ð—²ð—´ð˜‚ð—²ð˜, ð—£ð—¶ð—¿ð—¹ð—¼, ð—Ÿð—¼ð—°ð—®ð˜ð—²ð—¹ð—¹ð—¶ part1

more info : â˜ž https://t.co/5o6M5KsNZj

#timnas #persija #timnasindonesia #persib #supporterindonesia #fyp
ð—½ð—®ð—´ð—¶, ð˜€ð—¼ð—¿ð—², ð—ºð—®ð—¹ð—®ð—º, ð—¿ð—²ð˜€ð—½ð—²ð—°ð˜, ðˆð§ðð¨ð¬ð¢ðšð« https://t.co/9N9qGB2Qml"
50,4/1/2023 9:01,sofi_hwajiyong,"Gading Marten Beri Suntikan Semangat Ke Timnas Indonesia U-20, Pasca Gagal Berlaga Di Piala Dunia U-20
#TimnasU20 #TimnasU20 #TimnasIndonesia #GadingMarten #pialaduniau20 #PialaDuniaBatalKarnaIni #PialaDuniaU20Indonesia #pialadunia https://t.co/Yy7ptwVHb1"
51,4/1/2023 8:31,thvxyzee,"PERNYATAAN JOKOWI Soal Tolak Timnas Israel Di Piala Dunia U-20 Dari Ganjar - Koster Indonesia Gagal

Berita Timnas Hari Ini
Kabar Timnas Hari Ini Terbaru

TIMNAS GARUDA OFC
JANGAN LUPA SUBCRIBE 

#KitaGaruda
#TimnasIndonesia
#TimnasU20
#PialaDuniaU20

https://t.co/2j8cX7XrMn"
52,4/1/2023 8:02,bolaskorcom,"Piala Dunia U-20 Batal di Indonesia, Luis Milla Berusaha Jaga Motivasi 3 Pemain Timnas U-20.

#bolaskorcom #luismilla #persib #timnasindonesia   

https://t.co/HdgJAqnHPG"
53,4/1/2023 6:56,Beritabaruco,Daftar Lengkap 36 Pemain Timnas Untuk SEA Games 2023 https://t.co/GR6nnh1yNn #IndraSjafri #PSSI #SEAGames2023 #TimnasIndonesia https://t.co/ISBaZgLoPi
54,4/1/2023 6:03,Cahyokt4,"Ayoo paak.. 
Lakukan apa yang bapak lakukan di #BUMN 
Kita rindu sepakbola yang sehat dan berprestasi.. 

#SepakbolaIndonesia #TimnasIndonesia #ErickThohir #PSSI https://t.co/mCvoYggoZ4"
55,4/1/2023 5:51,RoketIndo,"Memang sedih sih .. 
Semoga kedepannya akan ada #TransformasiPSSI seperti yang dilakukan Pak #ErickThohir di #BUMN 

Maju Terus Persepakbolaan Indonesia

#RoemahKemenanganET #FIFA #PialaDuniaU20 #TimnasIndonesia #KerjaSatsET #SepakbolaIndonesia https://t.co/4M2epfqTXP"
56,4/1/2023 5:21,JemberNetwork,"Batal jadi tuan rumah Piala Dunia U-20 2023, berikut langkah tegas Presiden Jokowi dan Erick Thohir untuk generasi muda Timnas Indonesia.
#pialaduniau20 #TimnasIndonesia #JokoWidodo
https://t.co/OPhrLufg3M"
57,4/1/2023 4:05,WartaKepri,"Sejarah Duka Sepakbola Indonesia 2023, Gagal Tuan Rumah Piala Dunia U20 ... https://t.co/Pg5EK2r7Jh lewat @YouTube 
pialaduniau20 #argentina #fifa #timnasindonesia #sepakbola #fyp #psmmakassar #juaraliga1"
58,3/31/2023 23:39,jalusengklek27,"@skuatgaruda @ultrasgaruda_45  @ultrasgaruda #TimnasU20 #TimnasIndonesia 

????????? 
kalau benar 2024 kami kan membalasnya https://t.co/GVvXmgJ4lH"
59,3/31/2023 23:33,149sbrdin,#sepakbola #TimnasIndonesia #NajwaShihab https://t.co/qZZGhuJwd5
60,3/31/2023 23:23,bolaskorcom,"Shin Tae-yong tidak mau terus-terusan meratapi kegagalan tim asuhannya tampil di Piala Dunia U-20 2023. 

#bolaskorcom #shintaeyong #timnasindonesia #pssi  

https://t.co/a7UfI8jH84"
61,3/31/2023 23:01,cn_dinda,"@PSSI Semangat selalu untuk pemain Garuda Indonesia! Jaga kesehatan dan semoga lancar puasa Ramadhan bagi yang menjalankan :D
#TimnasIndonesia #PSSI"
62,3/31/2023 21:43,kidding_ho,"timnas u20 gagal di PD U-20 rasanya seperti besok siang dilantik jadi Presiden tapi gajadi karena ketahuan ngintip nenek tetangga mandi.ðŸ¤ŸâœŒï¸
#TimnasU20 #TimnasIndonesia #pialaduniau20 #FIFA #capres2024 #pssi #BOLA #timnas #gagalmaninggagalmaning"
63,3/31/2023 21:38,fajaronline,"Indra Sjafri Umumkan 36 Pemain TC Untuk Sea Games 2023, Satu Pemain PSM Dapat Panggilan https://t.co/ExFb7COSOq #PSMMakassar #TimnasIndonesia"
64,3/31/2023 21:02,bolaskorcom,"Shin Tae-yong kecewa Indonesia gagal gelar Piala Dunia U-20..

#bolaskorcom #shintaeyong #timnasindonesia #pssi   

https://t.co/1T2DuHmcAs"
65,3/31/2023 19:49,pawang32889433,"Persija Jakarta vs Persib Bandung Enlace de transmisiÃ³n en vivo: BRI League 1 2022-2023, vea gratis con un clic
#persijavspersib  #BRILiga1  #TimnasIndonesia 
https://t.co/V6AArtjmG6"
66,3/31/2023 19:48,MoorsAsep,"@politik 
Ada yang harus di kubur  tapi bukan bangkai ,oh ternyata mimpi yang baru saja mati 

#pssi2023
#timsquadgaruda 
#timnasindonesia"
67,3/31/2023 19:48,pawang32889433,"Pautan Siaran Langsung Persija Jakarta vs Persib Bandung: Liga BRI 1 2022-2023, Tonton Percuma dengan Satu Klik
#persijavspersib  #BRILiga1  #TimnasIndonesia 
https://t.co/V6AArtjmG6"
68,3/31/2023 19:48,pawang32889433,"Persija Jakarta x Persib Bandung Live Streaming Link: BRI League 1 2022-2023, assista grÃ¡tis com um clique
#persijavspersib  #BRILiga1  #TimnasIndonesia 
https://t.co/V6AArtjmG6"
69,3/31/2023 19:47,pawang32889433,"Persija Jakarta vs Persib Bandung Live Streaming Link: BRI League 1 2022-2023, Watch Free with a Click
#persijavspersib  #BRILiga1  #TimnasIndonesia 
https://t.co/V6AArtjmG6"
70,3/31/2023 19:47,pawang32889433,"Link Live Streaming Persija Jakarta vs Persib Bandung: BRI Liga 1 2022-2023, Nonton Gratis Tinggal Klik
#persijavspersib  #BRILiga1  #TimnasIndonesia 
https://t.co/V6AArtjmG6"
71,3/31/2023 19:09,bolaskorcom,"Shin Tae-yong sakit hati dan hanya bisa pasrah setelah mendengarkan keputusan FIFA yang mencabut status Indonesia sebagai tuan rumah Piala Dunia U-20 2023.

Kami bersamamu Coach!

#bolaskorcom #pialadunia #u20wc #worldcup #wc2023 #fifa #fifaworldcup #pssi #timnasindonesia https://t.co/jzm2Yvos7V"
72,3/31/2023 18:48,penegak_kultum,"Jadi tidak usah banyak drama dan tidak usah saling menyalahkan.

Kita harus kompak untuk isu israel supaya tidak dibilang bangsa yg plin plan. 

Bravo Indonesia
Bravo Timnas
Bravo PSSI
Bravo Politikus Yg Menolak Israel
ðŸ’ªðŸ’ªðŸ’ª
ðŸ‡²ðŸ‡¨ðŸ‡²ðŸ‡¨ðŸ‡²ðŸ‡¨ #U20 #TimnasIndonesia #SepakBolaIndonesia #Fifa https://t.co/aVYh0O0t1y"
73,3/31/2023 18:46,suarakeadilan88,"FIFA pakai standar ganda dan bela mati2 an israel. Di saat yg lain mereka â€œbannedâ€ timnas rusia saat piala dunia 2022.

Prinsip negara indonesia harus diatas segala2nya. Founding fathers kita sejak dulu menolak israel.

#U20 #TimnasIndonesia #SepakBolaIndonesia #Fifa https://t.co/PkXi8PTyzc"
74,3/31/2023 18:10,jpnncom,Pesan Coach Seto kepada Pemain Muda yang Gagal Tampil di Piala Dunia U-20 #TimnasIndonesia https://t.co/mu5XqUN0D6
75,3/31/2023 17:46,schannel_news,Timnas Indonesia U-20 Gagal Tampil di Piala Dunia U-20 2023!! #timnas #liga #timnasu #timnasindonesia #indonesia #sepakbola #timnasday #timnasindonesia #timnasU20 #pialaduniaindonesia #fifa #pssi #fyp #ganjarpranomo #tolakganjarjadipresiden https://t.co/CR8OTCa0iI
76,3/31/2023 17:42,Metro_TV,"Jadi siapa yang salah nih? Masih bisakah kita mempercayai pemerintah? Hmmm

Saksikan #MetroTVKontroversi episode ASA TUAN RUMAH MUSNAH SUDAH di https://t.co/5AWRphxMkC

#PialaDuniaU20 #PialaDuniaU20Batal #TimnasIndonesia #TimnasIsrael #FIFA #PSSI https://t.co/ytzh2rsIcF"
77,3/31/2023 17:41,Metro_TV,"Tito Wiratama alami rasa kecewa atas pemerintah daerahnya sendiri. Kecewa juga ga nih kamu?

Saksikan #MetroTVKontroversi episode ASA TUAN RUMAH MUSNAH SUDAH di https://t.co/5AWRphxMkC

#PialaDuniaU20 #PialaDuniaU20Batal #TimnasIndonesia #TimnasIsrael #FIFA #PSSI https://t.co/Q4FAW3VFBy"
78,3/31/2023 17:41,Metro_TV,"Meski dihimbau untuk tak terlalu berharap, tapi sebenarnya kamu masih pengen ga sih Indonesia ikut main?

Saksikan #MetroTVKontroversi episode ASA TUAN RUMAH MUSNAH SUDAH di kanal youtube ""metrotvnews""

#PialaDuniaU20 #PialaDuniaU20Batal #TimnasIndonesia #TimnasIsrael #FIFA #PSSI https://t.co/Dg6l5cXsPk"
79,3/31/2023 17:40,Metro_TV,"Ada ga ya solusi untuk tetap mendukung mimpi-mimpi para atlet sepak bola kita?

Saksikan #MetroTVKontroversi episode ASA TUAN RUMAH MUSNAH SUDAH di https://t.co/5AWRphxMkC

#PialaDuniaU20 #PialaDuniaU20Batal #TimnasIndonesia #TimnasIsrael #FIFA #PSSI https://t.co/LXq81fT8p9"
80,3/31/2023 17:39,Metro_TV,"Coba share pendapatmu, siapa yang kira-kira harus bertanggungjawab atas semua ini? ðŸ¤”

Saksikan #MetroTVKontroversi episode ASA TUAN RUMAH MUSNAH SUDAH di https://t.co/5AWRphxMkC

#PialaDuniaU20 #PialaDuniaU20Batal #TimnasIndonesia #TimnasIsrael #FIFA #PSSI https://t.co/tDMRBsRBjN"
81,3/31/2023 17:39,Metro_TV,"Hmmm, gak adil juga ya kalo kayak gini. Pihak mana sih yang menerapkan sistem 'tebang pilih' ini? ðŸ¤

Saksikan #MetroTVKontroversi episode ASA TUAN RUMAH MUSNAH SUDAH di https://t.co/5AWRphxMkC

#PialaDuniaU20 #PialaDuniaU20Batal #TimnasIndonesia #TimnasIsrael #FIFA #PSSI https://t.co/CTyrvfPyBQ"
82,3/31/2023 17:37,Metro_TV,"Kacau! Sekelas Pelaksana Tugas Menpora aja gak tau, gimana Timnas Indonesia? Gimana kita masyarakat? 

Saksikan #MetroTVKontroversi episode ASA TUAN RUMAH MUSNAH SUDAH di https://t.co/5AWRphxMkC

#PialaDuniaU20 #PialaDuniaU20Batal #TimnasIndonesia #TimnasIsrael #FIFA #PSSI https://t.co/sDpDD0OEbI"
83,3/31/2023 17:36,Metro_TV,"Bagi Timnas Indonesia ternyata ini bisa jadi kiamat karena potensi mata pencaharian mereka yang hilang. Lantas, apa solusinya?

Saksikan #MetroTVKontroversi episode ASA TUAN RUMAH MUSNAH SUDAH di https://t.co/5AWRphxMkC

#PialaDuniaU20 #TimnasIndonesia #TimnasIsrael #FIFA #PSSI https://t.co/UuAFdS3s3s"
84,3/31/2023 17:35,Metro_TV,"Kamu tim yang pro atau kontra nih sama tanggapan satu ini?

Saksikan #MetroTVKontroversi episode ASA TUAN RUMAH MUSNAH SUDAH di https://t.co/5AWRphxMkC

#PialaDuniaU20 #PialaDuniaU20Batal #TimnasIndonesia #TimnasIsrael #FIFA #PSSI https://t.co/AiB1QjcKvz"
85,3/31/2023 17:34,Metro_TV,"Bagaimana nasib Timnas Indonesia selanjutnya? Masih adakah harapan bagi mereka?

Saksikan #MetroTVKontroversi episode ASA TUAN RUMAH MUSNAH SUDAH di https://t.co/5AWRphxMkC

#PialaDuniaU20 #PialaDuniaU20Batal #TimnasIndonesia #TimnasIsrael #FIFA #PSSI https://t.co/yNz0YBsf1G"
86,3/31/2023 17:33,Metro_TV,"Masih menjadi misteri, siapa yang bisa memberikan penjelasan pasti apa alasan di balik semua ini?

Saksikan #MetroTVKontroversi episode ASA TUAN RUMAH MUSNAH SUDAH di https://t.co/5AWRphxMkC

#PialaDuniaU20 #PialaDuniaU20Batal #TimnasIndonesia #TimnasIsrael #FIFA #PSSI https://t.co/T6RSOJ3oJH"
87,3/31/2023 17:30,si_heulang,"Entah apa maksudnya akun ini,seperti tidak menghargai para anak muda Timnas Indonesia U20.
@Bolanet @FaktaSepakbola @idextratime @GOAL_ID @Liga1Match 

Buzzer VS Pecinta Sepak Bola

#buzzer #pecintasepakbola #sepakbola #indonesia #timnas #briliga1 #suporter #timnasindonesia https://t.co/cM0b8wVmd4"
88,3/31/2023 17:29,bolaskorcom,"Presiden Jokowi tidak ingin sepak bola Indonesia dijatuhi sanksi.

#bolaskorcom #jokowi #timnasindonesia #pssi   

https://t.co/4cIzxmAPEg"
89,3/31/2023 17:12,NetworkMalang,"Pejabat Hibur Pemain Muda Timnas Indonesia yang Kini Terpuruk, Bung Towel: Tidak Ada Gunanya!

#TimnasIndonesia #pialaduniau20 #PSSI #FIFA 
https://t.co/RZ96eoTPBx"
90,3/31/2023 17:10,fajaronline,Erick Thohir: Presiden FIFA Mempertanyakan Transformasi Sepakbola Indonesia Serius atau Tidak https://t.co/c48DfO6kPR #FIFA #PialaDuniaU-20 #PSSI #TimnasIndonesia
91,3/31/2023 17:10,ballmania_id,Timnas pupus sudah bermain di piala dunia!! #timnasindonesia #timnasU20 #pialaduniaindonesia #fifa #pssi #fyp #timnas #liga #timnasu #timnasindonesia #indonesia #sepakbola #timnasday #ganjarpranomo #tolakganjarjadipresiden https://t.co/ym7mhVOQtJ
92,3/31/2023 16:58,CoachJustinL,"JUS TALK MEMBER #118 : SAYA BELUM BISA MOVE ON

https://t.co/Um5bRdozGj On @Youtube 

#justalkmember #justalkmedia #coachjustinl #sepakbola #olahraga #timnas #timnasday #timnasindonesia #aff #pssi #erickthohir #ligaindonesia #liga1 #viral #berita #beritaolahraga #fyp https://t.co/oq0B2yQu2P"
93,3/31/2023 16:46,fajaronline,"Menanti Sanksi dari FIFA, Erick Thohir Paparkan Kemungkinan Terberat bagi Sepakbola Indonesia https://t.co/hqlWP8A5BS #FIFA #PialaDuniaU-20 #PSSI #TimnasIndonesia"
94,3/31/2023 16:30,murianewscom,"Shin Tae-yong Fokus ke Timnas Indonesia Senior

Selengkapnya Klik Tautan Berikut ini 
#InfoOlahraga #PelatihTimnas #ShinTaeYong #TimnasIndonesia
 https://t.co/Sect3C218r"
95,3/31/2023 16:22,bolaskorcom,"Mimpi para pemain terbaik masa depan Indonesia untuk bertanding di Piala Dunia U-20 akhirnya gagal. 

#bolaskorcom #timnasindonesia #pssi #fifa   

https://t.co/HYQsQQBiZR"
96,3/31/2023 16:04,LitaSkolastika2,MenunggguðŸ˜‚ðŸ˜‚ðŸ˜ðŸ˜#timnasindonesia https://t.co/XNoKz9P9t3
97,3/31/2023 15:45,poskotanetwork,"Terungkap, Erick Thohir Bocorkan Isi Surat FIFA ke Jokowi: Seriuskah Indonesia?

#erickthohir #fifa #jokowi #timnasindonesia #poskota

https://t.co/5HuDb93f0R"
98,3/31/2023 15:40,bolaskorcom,"Shin Tae-yong membeberkan kondisi anak asuhnya pasca keputusan FIFA yang membatalkan Piala Dunia U-20 2023. 

#bolaskorcom #shintaeyong #pialadunia #timnasindonesia   

https://t.co/xQWdT1WR3f"
99,3/31/2023 15:17,Wartatrencom,"Presiden Jokowi Akan Mengundang Timnas Indonesia U-20 ke Istana 
#pialaduniau20 #PialaDuniaBatalKarnaIni #PialaDuniaU20Indonesia #pssi #JokoWidodo #jokowi #TimnasU20 #TimnasIndonesia 
Kanjuruhan - Piala Dunia U-20 - FIFA - Joko Widodo
https://t.co/Lq82EiQXQW"
100,3/31/2023 14:44,lensaRTV,"Ketua Umum PSSI Erick Thohir mengatakan, akan bernegosiasi dengan FIFA agar Indonesia tidak terkena sanksi berat. Presiden tidak mau PSSI terkucilkan dari peta persepakbolaan dunia

#jokowi  #pialadunia #pialaduniau20 #worldcup #u20worldcup #fifa #pssi #timnasindonesia https://t.co/tqRvi7YL8B"
0,4/2/2023 21:38,infoahlulbait,#TolakTimIsrael #TolakU20Israel #TolakTimnasIsrael #Indonesia #Menpora #Menlu #PSSI #PialaDuniaU20 #Ahlulbayt #Ahlulbait #AhlulbaitIndonesia #PanduAhlulbait
1,4/2/2023 20:19,dpwpkbjabar,"Wilujeng Milangkala Pak Sekretaris Jendral DPP PKB @EmHasanuddin ðŸ‡²ðŸ‡¨ðŸ‡²ðŸ‡¨ðŸ‡²ðŸ‡¨ðŸ‡²ðŸ‡¨

#pssi #gusmuhaimin #cakimin #emhasanuddin #syaifulhuda #komisix #pialaduniau20 #israel #palestine #muhaiminiskandar #pkb 

@dpp_pkb @cakiminow @emhasanuddin @syaifulhooda @ajam_acep_jamaludin https://t.co/rCzGtNnYq9"
2,4/2/2023 20:12,netizenmu,"RT muhammadiyah ""Abdul Muâ€™ti: This Nation Should Remain to Unite and PSSI Should Reform after FIFA Strips Indonesia as Host of the U-20 World Cup

https://t.co/4ofShCM8S5

#Muhammadiyah #FIFA #U20worldcup #PSSI"""
3,4/2/2023 20:01,mzaenury11,"Karena Indonesia batal menjadi Tuan Rumah, Timnas U-20 dibubarkan.
#ArgentinaGP 
#Timnasu20
#PSSI 

https://t.co/xnoiKMKQCQ"
4,4/2/2023 20:00,muhammadiyah,"Abdul Muâ€™ti: This Nation Should Remain to Unite and PSSI Should Reform after FIFA Strips Indonesia as Host of the U-20 World Cup

https://t.co/wBGCLla201

#Muhammadiyah #FIFA #U20worldcup #PSSI"
5,4/2/2023 19:50,cahsatset,"Wes tau tak jagakne  jebul e blenjani. Iki kudu piye? 
#PSSI #WrestleMania #skijumpingfamily"
6,4/2/2023 19:25,netizulbudiman,"Begitu banyak kerugian yang harus ditanggung. Tapi apakah yang merusak ini semua mau tanggung jawab????

#timnas #timnasu20 #fifa #pssi #pialaduniau20 #u20 #erickthohir #pildun #sepakbola https://t.co/tzSYudzrCs"
7,4/2/2023 19:23,jpnncom,"Berpengalaman Hadapi Krisis, Erick Thohir Mampu Selamatkan Sepak Bola Indonesia #PSSI https://t.co/LTew9F4jHU"
8,4/2/2023 19:16,SimsonCipto,"Semenjak kepemimpinan @erickthohir BUMN kacau apalagi @pertamina dan @PSSI batal jadi tuan rumah piala dunia.Itu penyebab nya terlalu banyak jabatan jadi tidak fokus.
#Pertamina #PSSI #Dumai #pialaduniau20harussukses"
9,4/2/2023 19:16,montureng,"memang ini lebih besar dari sekedar penyelenggaraan piala dunia, tapi tentang masa depan adik2 #garudamuda

Semoga masih banyak lagi kesempatan buat kalian untuk membanggakan bangsa ðŸ’”ðŸ’”

#timnas #timnasu20 #fifa #pssi #pialaduniau20 #u20 #erickthohir #pildun #sepakbola https://t.co/A6lxpdAljT"
10,4/2/2023 19:02,Dimaspurr_,"Erick Thohir Jadikan Kesejahteraan Masyarakat Indonesia Menjadi Yang Utama
#erickthohir #ericthohirwapres #erickthohirsolusirakyat #BangkitBersamaET #indonesiamaju #bumnhadiruntuknegeri #bumnuntukindonesia #pssi #pssiindonesia #pilpres2024 https://t.co/XOJ7xkMqTP"
11,4/2/2023 19:01,RuriSopyan,Erick Thohir terima instruksi khusus Presiden Jokowi dalam transformasi PSSI. #PSSI #BangkitBersamaET https://t.co/IvxIOT16YR
12,4/2/2023 19:00,dpwpkbjabar,"Mencari Solusi Masa Depan Sepak Bola Indonesia.

#pssi #gusmuhaimin #cakimin #syaifulhuda #komisix #pialaduniau20 #israel #palestine #muhaiminiskandar #pkb 

@dpp_pkb @cakiminow @emhasanuddin @syaifulhooda @AcepJamaludin01 https://t.co/kovwwtrjtu"
13,4/2/2023 18:34,rizkyjhy,"Selamat berbuka puasa di bulan April Mop , sore ini Giselle pake BI FAST Jepang Hujan
https://t.co/A3DBnIY8iK

#GGMU #Trending #Indonesia #Airdrop #GanjarPranowo #PSSI"
14,4/2/2023 18:24,PKBKabMojokerto,Mencari Solusi Masa Depan Sepak Bola Indonesia #Ramadan #Ramadan2023 #bukapuasa #PSSI #FIFA #u20 https://t.co/obOjB6LH30
15,4/2/2023 18:13,BudianaIrmawan,"@hokkycaraka_ Sedikitpun gak salah dg statement para pemain U20, hak kalian mengekspresikan kekecewaan. Sepak bola kita terlalu banyak drama oleh para politisi yg memanfaatkan #pssi utk mereka sendiri"
16,4/2/2023 17:54,pecadoadamm,"Hmmm makasih coach udah diingetin ini ga cuma sekedar soal jadi tuan rumah. Tapi soal masa depan adik2 #garudamuda

#coachjustin #timnas #timnasu20 #PialaDuniaU20 #garuda #pssi #fifa #erickthohir #densu https://t.co/w5BTZbHJCn"
17,4/2/2023 17:49,Bob100395,"Ternyata Negara Indonesia ini juga Rasis terhadap Agama,

Masa Olahraga di kaitkan dengan Politik dan Agama,

#Israel #timnasu20 #sport #PSSI #FIFA"
18,4/2/2023 17:19,joy_braggadocio,"Kalem aja om @jokowi bro @erickthohir ,,, the power of ðŸ‘ ðŸ˜ðŸ˜

#fifa
#pssi
#timnas 
#israel
#Indonesia https://t.co/YY4juF8NLD"
19,4/2/2023 17:02,gus_hendri,Mudah2an apa yang gue pikirin tentang latar belakang pembatalan Pildun U-20 itu salah. Krn jika benar makaâ€¦ f*ck politician!! #FIFA #PSSI #PialaDuniaU20
20,4/2/2023 17:00,pinterpolitik,"We know moving on is hardâ€¦ ðŸ˜¢

#Jokowi #ErickThohir #PSSI #timnasU20 #PialaDuniaU20 #pinterpolitik #beritapolitik #infografis #politik #politikIndonesia https://t.co/zgdhfQwtdz"
21,4/2/2023 16:30,ThePhraseID,"Timnas Indonesia U-20 secara resmi dibubarkan setelah Indonesia batal selenggarakan Piala Dunia U-20 2023 sebagai tuan rumah.
#ThePhraseID #TimnasU20 #timnasindonesia #Indonesia #PialaDuniaU20 #shintaeyong #PSSI @PSSI 
https://t.co/tBInREqGa1"
22,4/2/2023 16:03,jokomarkono,"Perlakuan Israel yang melanggar aturan, namun tidak pernah diberi sanksi oleh FIFA ðŸ¤”

#FIFA #pialaduniau20 #PialaDuniaU20Indonesia #sepakbola #Palestina #PSSI https://t.co/nQKMZs7kDT"
23,4/2/2023 16:03,jokomarkono,"Argumen yang VALID!!

#FIFA #pialaduniau20 #PialaDuniaU20Indonesia #sepakbola #Palestina #PSSI https://t.co/Guq8IQ5Ix7"
24,4/2/2023 16:03,jokomarkono,"FIFA standar ganda kepada Israel...

#FIFA #pialaduniau20 #PialaDuniaU20Indonesia #sepakbola #Palestina #PSSI https://t.co/r9mJfn9uTw"
25,4/2/2023 16:03,jokomarkono,"Ini bukan isu agama, ini isu kemanusiaan 

#FIFA #pialaduniau20 #PialaDuniaU20Indonesia #sepakbola #Palestina #PSSI https://t.co/aIPhLATEgh"
26,4/2/2023 16:02,jejemiann,"Mereka yang menolak Israel mempunyai argumen yang VALID 

#FIFA #pialaduniau20 #PialaDuniaU20Indonesia #sepakbola #Palestina #PSSI https://t.co/bdpwPaT5g1"
27,4/2/2023 16:01,jejemiann,"Perlakuan Israel yang melanggar aturan, namun tidak pernah diberi sanksi oleh FIFA ðŸ¤”

#FIFA #pialaduniau20 #PialaDuniaU20Indonesia #sepakbola #Palestina #PSSI https://t.co/BxVzF0w5rf"
28,4/2/2023 16:01,usmaratun,"FIFA standar ganda kepada Israel...

#FIFA #pialaduniau20 #PialaDuniaU20Indonesia #sepakbola #Palestina #PSSI https://t.co/yIPucsqhxA"
29,4/2/2023 16:01,usmaratun,"Ini bukan isu agama, ini isu kemanusiaan 

#FIFA #pialaduniau20 #PialaDuniaU20Indonesia #sepakbola #Palestina #PSSI https://t.co/VAUYVmRaFY"
30,4/2/2023 16:00,usmaratun,"Partai politik, wajar mempunyai sikap politik.

#FIFA #pialaduniau20 #PialaDuniaU20Indonesia #sepakbola #Palestina #PSSI https://t.co/UICWaP254z"
31,4/2/2023 15:55,RoketIndo,"Indonesia Bangkit, Indonesia Tumbuh ..

Ini laah kehebatan bangsa kita , kebersatuan harus terjadi dan optimisme harus di selalu ada ..

Maju Terus Indonesiaku...

#RoemahKemenanganET #KerjaSatsET #SepakbolaIndonesia #BUMN #ErickThohir #PSSI #KinerjaKerjaErickThohir https://t.co/MJwO1FQ5k7"
32,4/2/2023 15:51,fajaronline,"Timnas Indonesia U-20 Resmi Dibubarkan, Ini Pesan Terakhir Shin Tae Yong kepada Seluruh Pemain https://t.co/vhHQVl0bnw #PialaDuniaU-20 #PSSI #ShinTaeYong #TimnasU-20"
33,4/2/2023 15:31,Wigobet2,"Berikut result pasaran China ( CN ) Hari ini adalah
Result  :  2402
Shio     :   Harimau
Kami ucapkan selamat kepada para pemenang yang beruntung  

#wigobet #TogelChina #PSSI"
34,4/2/2023 14:54,kecambah_kacang,"Timnas Sepakbola Putri Indonesia bersiap hadapi laga di Kualifikasi #olipiadeparis2024 
https://t.co/PWpXqb3Y3p
#AustralianGP #timnasday #TimnasU20 #timnasindonesia #JoshuaFranklin #BBTitans #SUGA_AgustD_TOUR #PSSI"
35,4/2/2023 14:17,IkramMalvin,"#PialaDuniaU20
#StandarGanda
#FIFA
#PSSI
#U20
#SepakBolaIndonesia
#TimnasIndonesia
#KecamFIFA https://t.co/o3rBLP3OzS"
36,4/2/2023 13:18,FatihChabanto,"Wani?
#PialaDuniaU20 #erickthohir #PSSI https://t.co/w5LTkhDuMV"
37,4/2/2023 13:06,Clanuchiha93,"Peraturan Menteri Melarang Kehadiran Israel di Indonesia.

Terkendala konstitusi

Dalam Peraturan Menlu No. 3 Tahun 2019 pasal 150 dan 151 disebutkan dgn jelas, Indonesia menentang penjajahan Israel atas Palestina.

ini fakta yg diabaikan oleh PSSI

#FIFA23 #FIFA #PSSI #U20 https://t.co/IdpCvZflSR"
38,4/2/2023 13:06,Clanuchiha93,"U-20 Itu Spekulasi Erick Saja

jika memang kondisinya tidak memungkinkan, mestinya terus terang dan menyatakan Indonesia belum mampu.

Tapi drama perjuangan justru yang dijadikan jargon media sosial Erick.

#FIFA23 #FIFA #PSSI #U20 https://t.co/cAO3KplIWw"
39,4/2/2023 13:06,Clanuchiha93,"PSSI King Drama

Jika sanggup, maka tidak ada persoalan dari FIFA yang penting stadion dan sarana penunjangnya tersedia. Indonesia juga harus menjamin keamanan para peserta dan penonton.

di sindir tuh sama Pelatih Timnas Jepang PSSI ""kebanyakan drama"" #FIFA23 #FIFA #PSSI #U20 https://t.co/yYjdxpAFnx"
40,4/2/2023 13:06,Clanuchiha93,"Infrastruktur yang tidak memadai dr beberapa stadion yg disiapkan, hanya 4 yg dinyatakan layak. berkaca pd kerusuhan Kanjuruhan faktor keamanan menjadi isu utama, di tambah lagi amarah sebagian kelompok orang yg menolak. 
#FIFA #PSSI #FIFA23 #U20 https://t.co/2ZELfMS4w3"
41,4/2/2023 13:06,Clanuchiha93,"DRAMA PSSI SOAL PIALA DUNIA U-20 

Sebenarnya tidak sanggup sejak awal tapi masih saja ada lobi-lobi terutama PSSI, ini malah terkesan ditutup-tutupi. 

Dasarnya ðŸ‘‡

#FIFA23 #FIFA #PSSI #U20 https://t.co/N3jCa03bNr"
42,4/2/2023 12:55,wansebats,"Moh Salah mendukung tindakan Indonesia

#PialaDuniaU20 #StandarGanda #FIFA #PSSI #U20 #SepakBolaIndonesia #TimnasIndonesia #KecamFIFA https://t.co/YiyJAJLgGc"
43,4/2/2023 12:55,wansebats,"No Drama, kita masih menjadi terhormat

#PialaDuniaU20 #StandarGanda #FIFA #PSSI #U20 #SepakBolaIndonesia #TimnasIndonesia #KecamFIFA https://t.co/TEFpaGtHc8"
44,4/2/2023 12:52,GianoJuan,"Pesepakbola Senior saja dukung Indonesia

#PialaDuniaU20 #StandarGanda #FIFA #PSSI #U20 #SepakBolaIndonesia #TimnasIndonesia #KecamFIFA https://t.co/6G1dSSwtCI"
45,4/2/2023 12:52,GianoJuan,"Indonesia terhormat dan kuat!

#PialaDuniaU20 #StandarGanda #FIFA #PSSI #U20 #SepakBolaIndonesia #TimnasIndonesia #KecamFIFA https://t.co/g5dIKLwoe0"
46,4/2/2023 12:49,BayuGorontalo,"Semoga Negosiasi @erickthohir dengan @FIFAcom berjalan Sukses 
#PSSI #PSSIINDONESIA #FIFA #FIFAWorldCupU20Indonesia
#akhlak #ForumAKHLAKIndonesia #erichtohirmenyaparelawan #akhlakbumn #akhlakers #kitaatasi #AkhlakersRelawanErickThohir #AryaKuntadi #bayuSamekto https://t.co/Y9rapAfIYN"
47,4/2/2023 12:49,jonisjo,"""Menghancurkan Mimpi Anak Bangsa""
Waduh..
Lha kebanyakan tidur itu..
Ayo bangun, berjuang ukir prestasi.
Biar bisa memenuhi syarat kualifikasi.
Lha ini ikut melalui jalur aji mumpung..
ðŸ¤£
Yang ada tuh
""Menghancurkan Mimpi Pebisnis Peraih Keuntungan via Sepakbola"" ðŸ¤­

#U20
#PSSI"
48,4/2/2023 12:36,ardhani77,"Tetap semangat Garuda Muda, jangan biarkan siapapun menghancurkan mimpimu, jalan selalu ada.

https://t.co/iRiwN96WFrðŸ’ª

#PSSI #u20 #erickthohir #indonesiau20 #Jokowi #hokkycaraka #MarselinoFerdinan #FIFA #Israel https://t.co/foF2RHCGNx"
49,4/2/2023 12:21,TMidn_news,"Setelah gagal tampil di Piala Dunia U20, timnas U20 telah resmi dibubarkan. âŒ

Tetap semangat Garuda muda ðŸ”¥

______________
#indonesia #pialaduniau20 #timnas #pssi #fifa https://t.co/nhgfgnK2sz"
50,4/2/2023 11:58,BayuGorontalo,"Presiden @jokowi  Dan Pak @erickthohir Memberi Nasahat Pencerahan dan Semangat ke Timnas U-20
#PSSI #PSSIINDONESIA #FIFA #FIFAWorldCupU20Indonesia
#akhlak #ForumAKHLAKIndonesia #erichtohirmenyaparelawan #akhlakbumn #akhlakers #kitaatasi https://t.co/RbNkfOBcrE"
51,4/2/2023 11:54,BekasiDpc,#PialaDuniaU20 #SepakbolaIndonesia #PSSI #PartaiDemokrat #AHY #DemokratS14P #EBY #DemokratKabupatenBekasi #HajiRomliHM #KabupatenBekasi #Bekasi #jawabarat #SwatantraWibawaMukti https://t.co/NAs82kHwB1
52,4/2/2023 11:41,Manuru9Manurung,"tetaplah lakukan yg terbaik buat bangsa dan negara kita ,wahai anak muda yg kami banggakan,
pasti ada hikmah dibalik semua nya ini,
Tuhan beserta kalian
#U20 
#FIFA 
#indonesia
#PSSI https://t.co/PGYtECSW1W"
53,4/2/2023 11:00,fajaronline,"Indonesia Batal Jadi Tuan Rumah Piala Dunia U-20, Irwan Fecho: PSSI Hancur di Tangan Rezim Sekarang https://t.co/HfkvXHb7H9 #FIFA #IrwanFecho #PialaDuniaU-20 #PSSI"
54,4/2/2023 11:00,tempodotco,"Bagaimana efek pembatalan Piala Dunia U-20 terhadap elektabilitas Ganjar?

#DariMejaRedaksi #KoranTempo #PialaDuniaU20 #ganjarpranowo #pssi #fifa https://t.co/jHqKlqrcyw"
55,4/2/2023 9:52,pandusapurta6,"Erick thohir Terima intrusi khusus pak presiden jokowi dalam transformasi PSSI
@jokowi 
@erickthohir 
#pialaduniau20 
#pssi 
#fifa 
#guebersamaerickthohir
#satsetsatset 
#sepakboladunia 
#sepakbolaindonesia 
#sepakbola https://t.co/9uMHXYouDX"
56,4/2/2023 9:32,IdChannel9,"Pilu! Timnas U-20 Resmi Dibubarkan, Ini Pesan Menyentuh Presiden Jokowi......
#TimnasU20 
#Jokowi 
#PSSI 
#FIFA 
#pialaduniau20indonesia 

https://t.co/dKPx5kZTIU"
57,4/2/2023 9:22,0xglory_,"Dukung mendukung silahkan, tp jangan lantas jd fanatik buta bahkan menjadi penganut sekte junjungan selalu benar. Seperti pesan Bung Hatta, sahabat yg baik itu bukan yg selalu mengangguk, tp yg berani menggeleng karena memperjuangkan kebenaran walaupun itu pahit. #PSSI #PDIP"
58,4/2/2023 9:17,laras_mis,"FIFA menolak memberikan sanksi kepada Israel yang mengadakan pertandingan di wilayah Palestina
#FIFA #PSSI #sepakbola #politik #fff #lfl #mutual https://t.co/OI4Mdy49vH"
59,4/2/2023 9:11,Wartatrencom,"Piala Dunia U-20 Dicoret FIFA dari Indonesia, Inikah Alasan Sebenarnya? 

#PialaDuniaU20 #PialaDuniaBatalKarnaIni #pialaduniau20indonesia #pialadunia #Indonesia #TimnasU20 #FIFA #ErickTohir #PSSI 
https://t.co/bAysuKFQ8j"
60,4/2/2023 9:10,JemberNetwork,"Warganet sebut lebay, curhatan Hokky Caraka bak mencoreng nama PSSI, demi timnas sampai tinggalkan sekolah?
#HokkyCaraka #PSSI #TimnasU20
https://t.co/FIuo2QTTBD"
61,4/2/2023 9:09,FariziStevani,"Published on YouTube: INDONESIA BATAL JADI TUAN RUMAH PIALA DUNIA U 20, ANIES MALAH SUJUD SYUKUR | #aniesbaswedan #pssi https://t.co/iPPHtDy0UZ"
62,4/2/2023 9:04,AgungPu73327145,"#jedakjeduksepakboladunia #messipsg #sepakbolaeropa2023 #messisepaksalto #fotball_edits #fypdong #kbo77 #viral #kbo77official  #fyp #trend #jedagjedug #soundkane #awalnyadiremehkan #football #hulk #training #shot #berandatiktok  
#pialaduniau20 #pssi #u20 #pialadunia #pildun https://t.co/N3KveVNOkd"
63,4/2/2023 7:51,HaniRismayanti4,"#PSSI 
#FIFA23 
#detik.com
#viva https://t.co/XhyLZ8znuq"
64,4/2/2023 7:48,unithavha,Mereka yg menolak Israel mempunyai argumen yg valid #FIFA #U20 #PSSI #sepakbola #pialaduniau20 https://t.co/AstgwdDJPs
65,4/2/2023 7:47,unithavha,Apakah FIFA emang gak berani mengsanksi mereka? #FIFA #PSSI #U20 https://t.co/2xpue4AyLI
66,4/2/2023 7:09,harianganjar,"Berikan dukungan, Respon Ganjar : ""Tetap semangat terus. Ini bukan kiamat. Teruslah berlatih dan mengembangkan sepak bola kita dengan serius. Masih banyak event""
#GanjarPranowo  #JawaTengah  #FIFA #PSSI #Israel #Palestina #TimnasU20 #PialaDuniaU20  #Indonesia https://t.co/2EYouHfsut"
67,4/2/2023 6:31,oollpoiik,@6undul0h #FIFA #PSSI @FIFAcom @PSSI @erickthohir @jokowi @PalestineToday
68,4/2/2023 6:31,rendytriawan88,Semoga sepakbola Indonesia bisa bertransformasi lebih baik ke depannya #erickthohir #pssi #jokowi #fifa #erickthohirsolusirakyat #erickthohiridolague #sepakbolaindonesia https://t.co/TAyB3rSKir
69,4/2/2023 6:24,AprillioDandy,"Erick Thohir diberikan Intruksi khusus dari Presiden Jokowi untuk transformasi PSSI, Ayo dukung terus kemajuan sepakbola Indonesia ðŸ‘ðŸ»ðŸ‘ðŸ»ðŸ‘ðŸ» #erickthohir #rokET #pssi #erickthohirbukanmaen #bumnhadiruntuknegeri #bumnuntukindonesia #erickthohirsolusirakyat #indoviral #indonesiamaju https://t.co/lEkN0cIVYx"
70,4/2/2023 6:18,Kusumadana95,"Erick Thohir diberikan Intruksi khusus dari Presiden Jokowi untuk transformasi PSSI, Ayo dukung terus kemajuan sepakbola Indonesia ðŸ‘ðŸ»ðŸ‘ðŸ»ðŸ‘ðŸ» #erickthohir #rokET #pssi #erickthohirbukanmaen #bumnhadiruntuknegeri #bumnuntukindonesia #erickthohirsolusirakyat #indoviral #IndonesiaMaju https://t.co/ba9bXORVPC"
71,4/2/2023 6:04,ariefalay66,Mantap harus bertransformasi memang sepakbola Indonesia ke arah yang lebih baik agar bisa berprestasi #erickthohir #pssi #jokowi #menteriterbaik #ketuapssi #erickthohirsolusirakyat #erickthohiridolague #sepakbolaindonesia #fifa https://t.co/JqgsIK6fPC
72,4/2/2023 6:01,tegarwadesta,Semoga PSSI dan FIFA bisa bekerjasama untuk transformasi sepakbola Indonesia kedepannya #erickthohir #pssi #fifa #jokowi #ketuapssi #sepakbolaindonesia #erickthohirsolusirakyat #ketuapssi https://t.co/KQhSuCgR6s
73,4/2/2023 5:42,Beritabaruco,"Marselino Ferdinan Dimainkan, KMSK Deinze Menang Banyak https://t.co/NbNEpIcGJh #KMSKDeinze #MarselinoFerdinan #PSSI #TimnasIndonesia https://t.co/SxPaq5CdCa"
74,4/2/2023 5:24,TodayNews_id,"viral sepak bola palestina dan indonesia terancam sanksi FIFA
#PialaDuniaU20
 #palestina #indonesia #PSSI #FIFA #pialadunia https://t.co/aJil7LYgKD"
75,4/2/2023 5:20,MRSLLCLLJP,udah pada tau ini blm? #israel #Palestine #u20 #PSSI #TimnasU20 https://t.co/LOYckeBLHa
76,4/2/2023 5:07,ayojakartanews,"Timnas Sepak Bola U-20 Indonesia Dibubarkan, Wakil Ketua Umum PSSI Sempat Minta Ini ke Shin Tae Yong #TimnasU20 #PSSI #ShinTaeYong https://t.co/jlK52Whlnd"
77,4/2/2023 4:32,Pandaputih23,"Erick thohir Terima intrusi khusus pak presiden jokowi dalam transformasi PSSI
@jokowi 
@erickthohir 
#pialaduniau20 
#pssi 
#fifa 
#guebersamaerickthohir
#satsetsatset 
#sepakboladunia 
#sepakbolaindonesia 
#sepakbola https://t.co/3JCaN9vW3J"
78,4/2/2023 3:45,BigelRo6978,"MADRID VS REAL VALLADOLID
 21.15 AM - 2 APRIL 2023 
 TIPS SINGLE BET   
PICK : OVER 3.5-4 ( FT )  
REAL MADRID - 2-2.5 ( FT )  
 REAL MADRID 4:0 REAL VALLADOLID ( FT )
 1X2 : HOME WIN
https://t.co/hmutNnOmUF
 #faktabola #PSSI #judibola #mixparlay #bolaonline #beritabolaterkini https://t.co/GjIvpJTn65"
79,4/2/2023 3:38,RendraTrilaksan,Hanya bisa melihat KELAKUAN PEJABAT #korupsi #pamerhartakekayaan #Penganiayaan #pembunuhansesamamanusia #pembatalan #PSSI
80,4/2/2023 3:24,Pablangaa,"Situs Tergacor, Teraman &amp; Terpercaya Deposit Cepat, Wd Berapapun Pasti Dibayar https://t.co/JEpi1Mx9hc 

#slotgacor #kanjuruhan #FIFA #Indonesia #Israel #PSSI #U20HarusJadi #GanjarPranowo #SahurBCS https://t.co/I6POCskAGr"
81,4/2/2023 0:36,officialntv_,"Jokowi Motivasi Timnas U-20 Usai Gagal Jadi Tuan Rumah Piala Dunia

https://t.co/dTprfJjvUb

#Sepakbola #Jokowi #TimnasU20 #timnasindonesia #PSSI #motivasi #beritabola #sepakbolaindonesia #pialaduniau20"
82,4/2/2023 0:21,klaten_kab,"Garuda Yaksa ( CORP GMD). 

#mendingprabowo #prabowosubianto #prabowo
#gerindra #gerindrajateng #gerindrajawatengah #dpckabklaten #pssi #kabarklaten #klatenhitz #klatenkeren https://t.co/oCGkP26Htq"
83,4/1/2023 23:09,SeputariNews,"Presiden Jokowi menemui para pemain Timnas Indonesia U-20 dan Timnas U-22 di Stadion Utama Gelora Bung Karno untuk memberikan motivasi setelah batal tampil di Piala Dunia U-20 2023. GIN

https://t.co/9dDuWgQ5cG

#RCTI #Jokowi #TimnasU20 #SEAGames2023 #PialaDuniaU20 #PSSI # https://t.co/okgJp6iXry"
84,4/1/2023 22:01,BobyTrihandoyo,"Saatnya Move On ..
Dan menatap sepakbola Indonesia kedepan 

#PialaDuniaU20Batal #PenolakanTimnasIsrael #ErickThohir #PSSI #FIFA https://t.co/HxjtE1Dcxv"
85,4/1/2023 22:00,s_i_m_f,"One day!
#worldcup #indonesia #PSSI #Sepakbola #pialaduniau20 #pialadunia #midjorneyai #midjourneyartwork #midjourney5 https://t.co/dQJG5igpF9"
86,4/1/2023 21:47,IdChannel9,"Temui Pemain Timnas U-20, Jokowi: Jangan Patah Semangat.......
#timnasu20 
#Jokowi 
#PSSI 
#FIFA 
#pialaduniau20 

https://t.co/hxbryCxvvn"
87,4/1/2023 21:20,pecadoadamm,"Countdown?! â€œKalo pak @erickthohir  bisa ngutarain perasaannya be likeâ€ ~ dududu

#pialadunia #pialaduniau20 #pialadubiabatal #u20 #garudamuda #sepakbola #pssi #timnas #timnasu20 #FIFA #erickthohir #timnasgaruda https://t.co/PznDCVsSy5"
88,4/1/2023 21:09,WalujoRaka,"Gue berdoa insyaa allah, Garuda Muda kita bisa mengepakkan sayapnya lebih tinggi dan lebih jauh lagi. Pesen gue, karena ada musibah saat ini, plis, jangan pernah berenti berjuang ya!

#pssi #sepakbola  #pialadunia #pialaduniau20 #fifa #liga1 #liga2 #liga3 #ligaindonesia https://t.co/JYJbVEauiL"
89,4/1/2023 21:08,BayuGorontalo,"Natizen Beri Semangat Ke @erickthohir , Bahkan @gibran_tweet akan Selalu berada dibelakang @erickthohir , dan juga Publik Pun turut memberi Apresiasi
 
#PSSI #PSSIINDONESIA #FIFA #FIFAWorldCupU20Indonesia
#akhlak #ForumAKHLAKIndonesia #erichtohirmenyaparelawan #akhlakbumn https://t.co/FzJlbAdChN"
90,4/1/2023 21:07,RoketIndo,"Instruksi Pak Presiden Jokowi jelas dan tegas untuk #TransformasiPssi

Dengan di pegang oleh sosok yang tepat, Pak Jokowi berharap #PSSI kedepannya akan berjalan kearah yang lebih baik

Semangat Terus Pak #ErickThohir

#SepakbolaIndonesia #KerjaSatsET #TimnasIndonesia #PialaDunia https://t.co/r7eQcLKXNu"
91,4/1/2023 21:07,bolaskorcom,"Soal Batalnya Indonesia Jadi Tuan Rumah Piala Dunia U-20, Presiden Jokowi: Jangan Saling Menyalahkan.

#bolaskorcom #pssi #jokowi #fifa 

https://t.co/LjWO6H5AXh"
92,4/1/2023 21:03,rahmatamin036,"""Impian kami harus hancur oleh orang-orang yang berbicara mengatasnamakan kemanusiaan. Jangan terlalu memikirkan negara lain jika ingin berbicara kemanusiaan. Kenapa kalian diam ketika tragedi kanjuruhan yang memakan korban lebih dari 100 nyawa hilang?,""

#pildunu20
#pssi
#FIFA"
93,4/1/2023 20:52,psychopat__,#pssi #FIFA23 #FIFA #u-20 https://t.co/9pdzPYquzX
94,4/1/2023 20:30,ayojakartanews,"Piala Dunia U-20 di Indonesia Batal, Jokowi Perintahkan PSSI Siapkan Blueprint dan Jaga Komunikasi dengan FIFA 
#Jokowi #FIFA #pialaduniau20 #pialadunia #timnasu20 #PSSI 

https://t.co/17VYzrrE72"
95,4/1/2023 20:23,theaseanball,"ðŸ—£""Then Tajikistan ðŸ‡¹ðŸ‡¯ and China ðŸ‡¨ðŸ‡³ , which we are now asking for validation,"" said Indra Sjafri, head coach of U22 Indonesia

#PSSI"
96,4/1/2023 20:23,theaseanball,"ðŸ‡®ðŸ‡© To prepare for the 2023 SEA Games, U22 Indonesia has planned to play 4 friendly matches.

The schedule for 2 matches against Lebanon has also been announced.

11/4 | U22 Indonesia ðŸ‡®ðŸ‡© ðŸ†š ðŸ‡±ðŸ‡§ U22 Lebanon
13/4 | U22 Indonesia ðŸ‡®ðŸ‡© ðŸ†š ðŸ‡±ðŸ‡§ U22 Lebanon

#PSSI https://t.co/sCVinEf7eD"
97,4/1/2023 20:05,TasikHost,"PSSI atau Persatuan Sepak Bola Seluruh Indonesia adalah badan pengatur sepak bola di Indonesia. Organisasi ini didirikan pada 19 April 1930 dan telah memainkan peran penting dalam perkembangan sepak bola di Indonesia.

#pssi
#fifa https://t.co/uAz7PNCefr"
98,4/1/2023 19:54,ahmanmuhmaftu,"PIALA ASIA PIALA ASIA.
YANG SAYA HARAP SIH.SEMOGA AJA BAPAK-BAPAK IBU-IBU TERHORMAT
GAK SPEKULASI LAGI TENTANG INDONESIA YANG BAKAL BERHADAPAN DENGAN TIM-TIM KUAT. 
HAHAHAHAHðŸ˜­ðŸ¤£ðŸ˜­ðŸ¤£
#PSSI #pemerintah #IndonesiaMaju https://t.co/Cm3aNiaCwx"
99,4/1/2023 19:52,infoahlulbait,#TolakTimIsrael #TolakU20Israel #TolakTimnasIsrael #Indonesia #Menpora #Menlu #PSSI #PialaDuniaU20 #Ahlulbayt #Ahlulbait #AhlulbaitIndonesia #PanduAhlulbait
100,4/1/2023 19:51,infoahlulbait,#TolakTimIsrael #TolakU20Israel #TolakTimnasIsrael #Indonesia #Menpora #Menlu #PSSI #PialaDuniaU20 #Ahlulbayt #Ahlulbait #AhlulbaitIndonesia #PanduAhlulbait
0,12/29/2022 21:43,tribunkaltim,"0-3, Update Skor Timnas Indonesia vs Thailand Final Piala AFF 2020, Profil Supachok Sarachat

#PialaAFF #PialaAFF2020 #TimnasIndonesia #TimnasIndonesiavsThailand #AFF2020 #AFFCup2020 #TimnasDay #SupachokSarachat 
 
https://t.co/KZ9ceK7x4P via @tribunkaltim"
1,12/26/2022 9:30,OfficialiNewsTV,"Keputusan untuk melakukan rotasi diambil pelatih asal Korea Selatan itu karena jadwal pertandingan di Piala AFF 2022 yang cukup padat.  PAA

Selengkapnya https://t.co/c53aREHlt6

#PialaAFF2020 #AFFCup2022 #BruneiDarussalam #Indonesia #Malaysia #SeputariNewsRCTI https://t.co/CZxBs9hLbr"
2,11/9/2022 4:42,OfficialGaluhID,"GBK Bisa Digunakan Timnas Indonesia untuk Piala AFF 2022 - https://t.co/7uU1Z20doL
#PialaAFF2020 #StadionGBK https://t.co/qqSelLp486"
3,7/1/2022 22:18,inilahdotcom,"PSSI merilis 28 pemain tim nasional U-19 yang akan berlaga di Piala AFF U-19 2022, yang di dalamnya termasuk Ronaldo Joybera Kwateh dan gelandang timnas senior Marselino Ferdinan.

 #PialaAFF2020 #timnasU19

https://t.co/wLgL84Q7uA https://t.co/0hIwjZ1dAE"
4,5/20/2022 15:14,Beritabaruco,"Gagal Bawa Emas di SEA Games 2021, PSSI: Shin Tae-yong Masih Aman https://t.co/HV2FpyasAl #PialaAFF2020 #PSSI #SEAGames2021 #ShinTaeyong #TimnasIndonesiaU23 https://t.co/6aZ85W0lYL"
5,5/19/2022 11:30,matamilenialID,"SEA Games 2021: Indonesia Vs Thailand, Ulangan Final Piala AFF 2020

Baca selengkapnya disini
https://t.co/UWvHnJ37LH

#MataIndonesia #seagames #timnasIndonesia #Thailand #pialaAFF2020"
6,3/6/2022 18:00,matamilenialID,"Bawa Timnas Indonesia Runner-Up Piala AFF 2020, Shin Tae-yong Dapat Hadiah Dua Mobil

Baca selengkapnya disini!
https://t.co/Wp0vGASvae

#mataindonesia #timnasindonesia #runnerup #PialaAFF2020 #ShinTaeYong #hadiahmobil"
7,2/25/2022 14:51,fajaronline,"Antar Indonesia Runner Up AFF 2020, Pemprov Sulsel Beri Bonus Rp200 Juta ke Asnawi dan Irfan Jaya https://t.co/TZShgKXQd0 #AsnawiMangkualam #IrfanJaya #PemprovSulsel #PialaAff2020"
8,2/16/2022 15:01,GTVID_News,"Pratama Arhan resmi gabung Tokyo Verdy yang merupakan klub kasta kedua sepakbola Jepang. Hal itu diumumkan di Instagram resmi klub, Tokyo Verdy.

Selengkapnya,
https://t.co/trvBVHBkU7

#GTVNews #PratamaArhan #TokyoVerdy #Sepakbola #PSISSemarang #Semarang  #PialaAFF2020 #Jepang https://t.co/94MSWIflTW"
9,1/27/2022 20:22,heraldindo,"Terkesan Ledek Asnawi, Pemain Timnas Singapura Ini Diserang Fans Indonesia https://t.co/fv4jtiifpx #AsnawiMangkualam #PialaAff2020 #SafuwanBaharudin"
10,1/22/2022 11:33,lampungpost_,"Pelatih tim nasional putri Australia Tony Gustavsson mengatakan bahwa salah satu tujuan menurunkan skuad terbaik kontra Indonesia pada laga Grup B Piala Asia 2022, adalah untuk menghormati lawan.
#PialaAsia #pialaaff2020 #lampostco
https://t.co/mVVCrtFpks"
11,1/22/2022 10:55,lampungpost_,"Hasil dan proses mestinya tidak perlu dipertentangkan. Keduanya merupakan bagian dari dua sisi mata uang.
#mimbar #PSSI #pialaaff2020 #lampostco
https://t.co/ehgaExhV7s"
12,1/17/2022 23:30,sportstarsdotid,"Berikut 3 negara yang berganti pelatih usai dihajar Timnas Indonesia asuhan Shin Tae-yong di Piala AFF 2020
#shintaeyong #pialaaff2020 
https://t.co/NeJ6zSo4CU"
13,1/12/2022 13:24,Beritabaruco,Pratama Arhan Dapatkan Beasiswa S1 dan S2 Setelah Tampil Gemilang di Piala AFF 2020 https://t.co/515D2SRBBR #BeasiswaS1 #PialaAFF2020 #PialaAFFU23 #PratamaArhan #ShinTaeyong https://t.co/pWrRRGCcnf
14,1/12/2022 4:10,OfficialGaluhID,"Terlibat Match Fixing, 45 Pemain Laos Dijatuhi Hukuman Tak Boleh Main Seumur Hidup- https://t.co/DvsRaastjP
#FIFA #MatchFixing #PialaAFF2020 #TimnasLaos https://t.co/Tvd4rdG3a1"
15,1/11/2022 9:40,inewsdotid,Pelatih Thailand Puji Kekuatan Indonesia di Piala AFF 2020: Mereka Selalu Bekerja Keras https://t.co/hNYRTzW5UI #pialaaff2020
16,1/10/2022 18:21,Beritabaruco,"Sangat Detail, Elkan Baggott Sebut Shin Tae-yong Pelatih Kelas Dunia https://t.co/Ij2Zm5qDh6 #BeritaTimnasIndonesia #CoachSTY #ElkanBaggott #PialaAFF2020 https://t.co/hooiwSQIgc"
17,1/10/2022 18:10,DataindonesiaId,"Trending: Lanjutan Piala FA 2021-2022 hingga AoT Final Season  https://t.co/hB00Kfgk6J 

#dataindonesia #pialaaff2020 #pialaaff #Trending https://t.co/OzAQRa11ra"
18,1/10/2022 14:01,GTVID_News,"Tampil Gemilang di Piala AFF, Witan Sulaeman Dapat Hadiah Rumah #BuletiniNewsPagi 10/01

Selengkapnya https://t.co/MOvIOKO3wQ

#PialaAFF2020 #WitanSulaeman #SulawesiTengah https://t.co/to62rw7Y85"
19,1/9/2022 17:00,matamilenialID,"Kaum Hawa Patah Hati Nggak? Witan Sulaeman Resmi Lamar Kekasihnya

Baca selengkapnya disini!
https://t.co/BRGIfUWftQ

#MataIndonesia #WitanSulaeman #Lamaran #Timnas #pialaaff2020"
20,1/9/2022 10:12,pengabdiFPL,"Terima kasih Timnas Indonesia
#pialaaff2020 #TimnasIndonesia https://t.co/IRtX8oIFMU"
21,1/8/2022 21:46,jpnncom,"Rekam jejak kiper Bali United di Piala AFF 2020 mentereng, Nadeo Argawinata langsung diguyur bonus Wah  #PialaAFF2020 https://t.co/1aV5CvIl4s"
22,1/8/2022 17:34,Beritasatu,"Penampilan penjaga gawang #TimnasIndonesia, #NadeoArgawinata pada #PialaAFF2020 berbuah manis, ia mendapat bonus sebesar Rp30 juta!

Baca selengkapnya ðŸ‘‡
https://t.co/UftyviUC32"
23,1/7/2022 15:58,OfficialGaluhID,"Waduh! Uang Hadiah Piala AFF 2020 Belum Diterima, Ini yang Dilakukan #PSSI- https://t.co/AKmirctL5W
#PialaAFF2020 #TimnasIndonesia https://t.co/g3imUH2O3r"
24,1/7/2022 12:44,Beritabaruco,"Belum Beri Bonus ke Timnas Indonesia, Sekjen PSSI: Melihat Kas Keuangan Dulu https://t.co/unsJy1TNc7 #BeritaTimnasIndonesia #Bonus #PialaAFF #PialaAFF2020 #PSSI https://t.co/QbJgPJMKw7"
25,1/7/2022 12:00,matamilenialID,"Balas Kebaikan Klub Luar Negeri, Shin Tae-yong Nggak Panggil Egy Maulana Cs di Piala AFF U-23

Baca Selengkapnya Disini!
https://t.co/AKhRdzkHNm

#MataIndonesia #TImnas #Shintaeyong #EgyMaulana #PialaAFF2020"
26,1/7/2022 7:52,OfficialGaluhID,"Pemain Naturalisasi Timnas Malaysia Dibuang Klubnya Usai Kalah dari Indonesia di Piala AFF 2020- https://t.co/rfajikJiva
#PialaAFF2020 #TimnasIndonesia #TimnasMalaysia https://t.co/IoYYSvnZg5"
27,1/6/2022 22:07,tribunkaltim,"Tampil Menawan di Piala AFF 2020, 3 Pemain Timnas Indonesia Jadi Target Buruan Klub Luar Negeri
https://t.co/4k0Dd9ma5a via @tribunkaltim 

#TimnasIndonesia #AFFCup2020 #PialaAFF2020"
28,1/6/2022 19:43,chatnews_id,"Timnas Indonesia takluk di tangan Thailand dalam final Piala AFF 2020 dengan agregat skor 2-6.
#TimnasIndonesia #pssi #PialaAFF2020 
https://t.co/BVJEumsrJI"
29,1/6/2022 19:00,matamilenialID,"PSSI Talangi Hadiah Uang dari Piala AFF 2020

Baca Selengkapnya Disini!
https://t.co/3NEQNLW1Gf

#mataindonesia #pssi #infobola #beritabola #pialaaff2020"
30,1/6/2022 18:37,metro_palembang,"Dibalik Kesuksesan Pratama Arhan Pernah Kesulitan Membeli Sepatu Bola, Ibu: Sampai Jual Beras

#pratamaarhan 
#TimnasIndonesia 
#PialaAFF2020 

https://t.co/h1hjfSISGQ"
31,1/6/2022 17:00,heraldindo,"Nadeo Unggah Video Penyelamatan Selama Piala AFF, Foto Wanita Cantik Ini Bikin Fans Terdiam https://t.co/BT6hKcjq3J #NadeoArgawinata #PialaAff2020"
32,1/5/2022 19:33,Beritabaruco,4 Pelatih Bernasib Buruk Pasca-Piala AFF 2020 https://t.co/0J2s3KQXZd #AlexandrePolking #Malaysia #ParkHangseo #PialaAFF2020 #Singapura https://t.co/s3zcqJQCAO
33,1/5/2022 16:12,Beritabaruco,"Juara Piala AFF 2020, Pelatih Thailand Terancam Angkat Koper https://t.co/TSGf5q8Vna #AlexandrePolking #BeritaTimnasThailand #PialaAFF2020 #Thailand https://t.co/j4sfTzN5za"
34,1/5/2022 14:59,Beritabaruco,"Gagal di Piala AFF 2020, Park Hang-seo Dikabarkan Mundur dari Timnas Vietnam https://t.co/JOdWHufTDP #BolaInternasional #China #ParkHangseo #PialaAFF #PialaAFF2020 https://t.co/rv3NfaXCcb"
35,1/5/2022 14:32,NewsAntv,Tampil Gemilang di Piala AFF Asnawi Gaet Sponsor Baru Untuk Ansan Greeners https://t.co/QiBng8r1Ti via @antvnewsplus #PialaAFF2020 #asnawi #AnsanGreeners
36,1/4/2022 23:11,Beritabaruco,Strategi Shin Tae-yong Pakai Pemain Muda Dipuji Mantan Pelatih Malaysia https://t.co/aC8LGHBjVT #PialaAFF2020 #ShinTaeYong #TimnasIndonesia #TimnasMalaysia https://t.co/7xjvwZ8QOP
37,1/4/2022 23:05,Beritabaruco,Pendukung Thailand Sebut Timnas Indonesia Sangat Menakutkan https://t.co/Vsi35Gtt2M #PialaAFF2020 #Thailand #TimnasIndonesia https://t.co/uB7I8buNEp
38,1/4/2022 9:00,inewsdotid,"Berikut jadwal pertandingan Timnas Indonesia usai Piala AFF 2020

#TimnasIndonesia #PialaAFF2020 #JadwalPertandingan

https://t.co/tChbbjROwo"
39,1/4/2022 5:48,OfficialGaluhID,"Usai Bela Indonesia di Piala AFF 2020, Ricky Kambuaya Siap Main di Luar Negeri- https://t.co/nXC5YeGTtZ
#PemainTimnasIndonesia #PialaAFF2020 https://t.co/BNPfqizxK1"
40,1/3/2022 21:40,GOAL_ID,"#Iriawan menyebutkan penyambutan yang dilakukan merupakan bentuk apresiasi atas perjuangan timnas #Indonesia di #PialaAFF2020 

https://t.co/hmTn6fR5e6"
41,1/3/2022 21:30,SeputariNews,"PSSI Usahakan Egy Maulana dan Elkan Baggott Main di AFF U-23 2022

#iNews #IniBaruBerita #AFF2020 #TimnasIndonesia #SkuadGaruda #PialaAFF2020 #EgyMaulana https://t.co/QrR7WmbPvA"
42,1/3/2022 21:27,heraldindo,"8 Penyelamatan Terbaik di Piala AFF 2020, Laga Indonesia Paling Dominan https://t.co/NWlhVxAP10 #PenyelamatanTerbaik #PialaAff2020"
43,1/3/2022 20:07,OfficialGaluhID,"Dikalahkan Timnas Indonesia di Piala AFF 2020, Dua Pelatih Mundur- https://t.co/RiXjm8aAfa
#PelatihMalaysia #PelatihSingapura #PialaAFF2020 https://t.co/bbImINVQH0"
44,1/3/2022 19:15,bagikanberita,"Setelah Tahan Imbang Thailand di Final Piala AFF 2020, Ini Peringkat Timnas Indonesia di Ranking FIFA
#pialaaff2020
#TimnasIndonesia
#peringkatfifa
https://t.co/mYAXFNPwLp"
45,1/3/2022 19:00,IdealogisMedia,"Hi Ideafams! Tim Nasional Indonesia lolos menjadi runner up pada Kejuaraan Piala AFF Suzuki Cup 2020 ini. 
@PSSI #PialaAFF2020 #pialaaffsuzuki2020 #indonesiavsthailand #IndonesiaJuara 
https://t.co/UrJ6Kn0Zhw"
46,1/3/2022 17:42,kantahkotjaktim,"Selamat kepada Tim Sepak Bola Indonesia di ajang pertandingan Piala AFF 2020, yang telah sukses dan berhasil menempati posisi Runner Up! Sukses selalu dan terus semangat berjuang untuk tetap memberikan yang terbaik! 

#atrbpnjakartatimur 
#PialaAFF2020 https://t.co/XtcokY50bI"
47,1/3/2022 16:39,OfficialGaluhID,"Gelar Top Skor Piala AFF 2020 Diberikan Kepada Empat Pemain, Ternyata Bukan Pertama Kali- https://t.co/NY7RxNYbI8
#PialaAFF2020 https://t.co/fXdSjg7GCG"
48,1/3/2022 16:39,OfficialGaluhID,"Gelar Top Skor Piala AFF 2020 Diberikan Kepada Empat Pemain, Ternyata Bukan Pertama Kali- https://t.co/NY7RxNYbI8
#PialaAFF2020 https://t.co/lNW9ob9ndr"
49,1/3/2022 16:26,detikforum,"Kisah Cinta Pemain Terbaik Piala AFF yang Ambyar karena Restu Ortu
https://t.co/HOzK136uRx #detikforum #sepakbola #timnasthailand #PialaAFF2020 https://t.co/VWvuJE6WFY"
50,1/3/2022 14:31,OfficialGaluhID,"Chanathip Songkrasin Pemain Terbaik Piala AFF Terbanyak- https://t.co/4yj7HS8BgW
#PialaAFF2020 #TimnasThailand https://t.co/uf1V7Manb2"
51,1/3/2022 13:30,GOAL_ID,"Pelatih Malaysia Tan Cheng Hoe, memilih untuk mengundurkan diri. Keputusan tersebut diambil usai Harimau Malaya, gagal di Piala AFF 2020.

#Malaysia #HarimauMalaya #PialaAFF2020

https://t.co/N37raB0QZx"
52,1/3/2022 13:03,GOAL_ID,"Kegagalan meraih gelar juara Piala AFF 2020, tak membuat Elkan Baggott, kecewa berat. Ia mengaku tetap bangga dengan pencapaian yang diukir timnas Indonesia.

#Indonesia #Garuda #PialaAFF2020

https://t.co/9u96OapXwt https://t.co/bmyD2aciAE"
53,1/3/2022 12:30,matamilenialID,"Gagal di Piala AFF 2020, Ini Target Shin Tae-yong di 2022

Baca selengkapnya Disini!
https://t.co/mj5UJbmqCD

#MataIndonesia #PialaAFF2020 #Shintaeyong #AFFSuzukiCup2020 #Timnas"
54,1/3/2022 10:30,matamilenialID,"Daftar Lengkap Penghargaan Piala AFF 2020, Indonesia Dapat Dua

Baca Selengkapnya Disini!
https://t.co/l4nPk2mi6x

#MataIndonesia #PialaAFF #TimnasIndonesia #Penghargaan #PialaAFF2020"
55,1/3/2022 10:23,ngawangkongcom,"Ricky Kambuaya, Man of the Match #PialaAFF2020 &gt;&gt; https://t.co/0vc4o0Q0eQ https://t.co/BNUyQBgyZ7"
56,1/3/2022 10:12,tribunpontianak,"Jadwal AFF Cup 2022 Live 14-26 Februari Timnas Indonesia U-23 vs Malaysia U-23 Kapan ?
#AFFSuzukiCup2021 #AFF2022 #AFFU23 #PialaAFF2020 #Timnasday #TimnasIndonesia 
 
https://t.co/yRycir4UjN lewat @tribunpontianak"
57,1/3/2022 10:08,serambinews,"#PialaAFF2020 #TimnasIndonesia 

Shin Tae-yong menilai pencapaian timnas Indonesia di Piala AFF 2020 sudah luar biasa

https://t.co/TVHNhi4sTC"
58,1/3/2022 8:17,KantahKabKaur,"Terima kasih atas dedikasi dan perjuangan para atlet dan pelatih.
Tetap tegakkan kepala, semangat meraih kemenangan yang akan datang. âœŠðŸ»

#TahunBaru2022
#ATRBPNKiniLebihBaik
#MelayaniProfesionalTerpercaya
#negaRAhadir
#PerangiMAFIATanah
#TimnasIndonesia
#PialaAFF2020"
59,1/3/2022 7:42,tribunkaltim,"Timnas Indonesia kembali ke Tanah Air Seusai Piala AFF 2020, tak Ada Elkan Baggott, Kata Ketum PSSI
 
#TimnasIndonesia #TimnasDay #PialaAFF #PialaAFF2020 #WitanSulaeman #ElkanBaggott #EgyMaulanaVikri #KetumPSSI #PSSI

https://t.co/l7UU1wONIL via @tribunkaltim"
60,1/2/2022 22:42,GOAL_ID,"Dari 5ï¸âƒ£ - 1ï¸âƒ£0ï¸âƒ£, berapa nilai yang akan kamu beri untuk Pratama Arhan di #PialaAFF2020? 

â­ï¸â­ï¸â­ï¸â­ï¸â­ï¸ 

#NXGN #Indonesia"
61,1/2/2022 21:30,tebakanbola,"Yoo Jae Hoon: Sebagai Orang Asing, Saya Bangga dengan Perjuangan Timnas Indonesia #PialaAFF2020 https://t.co/v57h6VrCeW"
62,1/2/2022 21:18,lampungpost_,"Perhelatan turnamen sepak bola se-Asia Tenggara, Piala AFF 2020, telah selesai bergulir pada Sabtu 1 Januari 2022. 

#PialaAFF2020 #PialaAFF
#beritaterkini #lampostco
https://t.co/WouFqap44n"
63,1/2/2022 20:32,jpnncom,Asisten Pelatih Timnas Indonesia Yoo Jae Hoon kembali turut andil mengharumkan nama Indonesia setelah keberhasilan pasukan Garuda menjadi runner up Piala AFF 2020 #PialaAFF2020 https://t.co/XwIXjb9XJj
64,1/2/2022 20:24,GOAL_ID,"Indonesia pada akhirnya gagal menjadi juara Piala AFF 2020, tapi semangat dan perjuangan para pemain ditunjukkan dengan luar biasa di atas lapangan, begitu juga yang diberikan oleh suporter dari tribun! 

#Indonesia #PialaAFF2020 https://t.co/rd213M0iqi"
65,1/2/2022 19:39,yanstotty_84,"#pialaaff2020 ðŸ˜ƒ @ Cibuluh,,situ Cileunca https://t.co/zHrPVKhDl8"
66,1/2/2022 18:58,OfficialGaluhID,"Pelatih Thailand Takjub dengan Pemain Muda Timnas Indonesia: Mereka Punya Masa Depan Cerah- https://t.co/owhLq3v0ql
#PialaAFF2020 #TimnasIndonesia #TimnasThailand https://t.co/u7NlxtTrDO"
67,1/2/2022 18:50,OfficialGaluhID,"Hanya Ezra Walian Striker Timnas Indonesia yang Produktif di Piala AFF 2020- https://t.co/6tVhBvE6Bg
#PemainPersibBandung #PialaAFF2020 #StrikerIndonesia https://t.co/zWLHKZcrIh"
68,1/2/2022 17:16,SeputariNews,"Usai Tuntaskan Laga Piala AFF 2020, Tim Garuda Kembali ke Indonesia Hari Ini #iNewsSiang 02/01

Selengkapnya https://t.co/juZ76dE7XX

#PialaAff2020 #ElkanBaggot #ShinTaeYong #TimnasIndonesia https://t.co/Sk2lNhiGcZ"
69,1/2/2022 16:25,jpnncom,Syahrian Abimanyu mengungkapkan perasaannya setelah pertandingan Piala AFF 2020 resmi berakhir. Dia mengaku sedih karena ini #PialaAFF2020 https://t.co/aKwpmB0sY8
70,1/2/2022 16:01,LaNyallaAcademy,"Selamat atas prestasi Timnas Indonesia di Piala AFF 2020. Perjuangan kalian menginspirasi, kami bangga dengan semangat juang hingga akhir untuk Indonesia.

#PialaAFF2020 #AFFSuzukiCup2020 #Timnas #TimnasIndonesia #KitaGaruda #LaNyalla #IndonesiaJuara

https://t.co/5UBRkNXowI"
71,1/2/2022 15:18,GTVID_News,"Imbangi Thailand di Leg 2 Final Piala AFF 2020, Indonesia Kalah Agregat 2-6 #BuletiniNewsSiang 02/01

Selengkapnya https://t.co/68NRrutuJ3

#Indonesia #Thailand #PialaAFF2020 https://t.co/cLkCXSeeOT"
72,1/2/2022 15:05,GOAL_ID,"Kans Ricky Kambuaya untuk melanjutkan kiprahnya ke luar negeri terbuka lebar. Mengingat, banyak klub asing yang sudah melihat performanya di Piala AFF 2020.

#Garuda #Indonesia #PialaAFF2020

https://t.co/zOBr3HiZ6x"
73,1/2/2022 14:59,fajaronline,"Dinobatkan sebagai Tim yang Paling Menjunjung Sportivitas, Ini Pujian Pelatih Thailand ke Skuat Garuda https://t.co/om2cb9Ygat #headline #PelatihThailand #PialaAff2020 #TimnasIndonesia"
74,1/2/2022 14:58,OfficialGaluhID,"Indonesia Raih Runner Up Piala AFF 2020, Shin Tae-yong Blak-Blakan Posisi Ini Paling Lemah- https://t.co/9PMtgss7Xx
#PialaAFF2020 #ShinTaeYong #StrikerIndonesia https://t.co/D1gcnyAoTo"
75,1/2/2022 14:45,cililinkudotcom,"Destiara Sari Sosok Wanita Cantik, Istri Nadeo Argawinata https://t.co/y4jfhubSwq via @cililinkudotcom #Timnasday #nadeo #PialaAFF2020"
76,1/2/2022 14:40,OfficialiNewsTV,"Pratama Arhan Terpilih Pemain Muda Terbaik Piala AFF 2020

#SeputariNewsRCTI #SeputariNews #Infografis #PratamaArhan #ShinTaeyong #Indonesia #GarudaMuda #TimnasGaruda #SepakBola #PialaAFF2020 #SuzukiAFF2020 #Indonesia #PemainMudaTerbaik #PemainTerbaik https://t.co/6w746uYzB3"
77,1/2/2022 14:15,GOAL_ID,"Presiden RI Joko Widodo (Jokowi), tetap mengapresiasi perjuangan timnas Indonesia di Piala AFF 2020. Meski, dalam ajang tersebut skuad Garuda gagal menjadi juara.

#Jokowi #Indonesia #PialaAFF2020

https://t.co/ZSg4sIS5ZB"
78,1/2/2022 14:00,sportstarsdotid,"Usai juara Piala AFF 2020, pelatih Thailand meyakini kalau masa depan Timnas Indonesia bakal cerah.
#AFFSuzukiCup2020 #PialaAFF2020 #TimnasIndonesia #KitaGaruda
https://t.co/Vwr7LZ3DWb"
79,1/2/2022 13:46,heraldindo,"Shin Tae-yong Tak Panggil Asnawi, Witan, dan Egy ke Piala AFF 2022, Ada Apa? https://t.co/giBGkJEqbp #AsnawiMangkualam #PialaAff2020 #PialaAFF2022"
80,1/2/2022 13:39,tribunpontianak,"ðŸ”´ Sudah Bayar Denda, Mendadak 4 Pemain Indonesia Dilarang Main di Final Leg 2 #PialaAFF2020 #finalAFF2020 #TimnasIndonesia  
https://t.co/66WDCooz1A lewat @YouTube https://t.co/cbB6IIqHpm"
81,1/2/2022 13:37,GOAL_ID,"Presiden AFF, Mayor Jenderal Khiev Sameth mengungkapkan, pihaknya punya komitmen yang kuat untuk sepakbola Asia Tenggara. Oleh karena itu, ia merasa senang dengan kesuksesan penyelenggaraan Piala AFF 2020.

#PialaAFF2020 #AFFSuzukiCup

https://t.co/23zZA21bGX"
82,1/2/2022 13:32,kompascom,"7. Lantas, apa yang dimaksud sistem bubble di dunia olahraga? Simak penjelasan lengkapnya dengan klik tautan berikut - #SistemBubble #PialaAFF2020 #JernihkanHarapan 
https://t.co/YLS0fBw0BO"
83,1/2/2022 13:27,PosIndonesia,"Terima kasih atas usaha dan kerja kerasnya~ 
Kami Indonesia pasti akan tetap mendukung ðŸ’ª

Indonesia harus puas menjadi runner-up Piala AFF 2020 setelah kalah secara agregat dalam dua leg final Piala AFF 2020. (Sumber foto: https://t.co/JtTfICfMh7)

#Indonesia
#PialaAFF2020 https://t.co/KlkpCEQxj9"
84,1/2/2022 13:00,sportstarsdotid,"Berikut 5 revolusi yang dilakukan Shin Tae-yong di Timnas Indonesia selama Piala AFF 2020.
#AFFSuzukiCup2020 #PialaAFF2020 #TimnasIndonesia #KitaGaruda
https://t.co/I7fwRe8uT4"
85,1/2/2022 12:59,OfficialiNewsTV,"Timnas Indonesia  masih bisa berkembang ke depannya https://t.co/0lAjedtgqO

#SeputariNewsRCTI #SeputariNewsRCTI #SeputariNewsPagi #SeputariNews #ShinTaeyong #Indonesia #GarudaMuda #TimnasGaruda #SepakBola #PialaAFF2020 #SuzukiAFF2020 #Indonesia #PelatihThailand #AlexandrePolking https://t.co/6BunD5HFcj"
86,1/2/2022 12:34,OfficialGaluhID,"Hasil Final Piala AFF 2020, Bukti Timnas Indonesia Lebih Unggul dari Vietnam- https://t.co/iUJ1a7FiRa
#PialaAFF2020 #TimnasIndonesia #TimnasThailand #TimnasVietnam https://t.co/nh1ksLn3ff"
87,1/2/2022 12:34,OfficialGaluhID,"Hasil Final Piala AFF 2020, Bukti Timnas Indonesia Lebih Unggul dari Vietnam- https://t.co/iUJ1a7FiRa
#PialaAFF2020 #TimnasIndonesia #TimnasThailand #TimnasVietnam https://t.co/p5n6YyJAIy"
88,1/2/2022 12:33,tribunpontianak,"Meskipun Kalah, Berikut Daftar Penghargaan Piala AFF 2020, Pratama Arhan Pemain Muda Terbaik

Video Selengkapnya : https://t.co/LKUtD6KRa4

#TimnasIndonesia #PialaAFF2020 #Arhan #PratamaArhan #RunnerUp #ManOfTheMatch #TimFairPlay #Penghargaan https://t.co/LdhRT4ZaX4"
89,1/2/2022 12:00,sportstarsdotid,"Ricky Kambuaya buka suara soal peluang masin di luar negeri usai Piala AFF 2020.
#AFFSuzukiCup2020 #PialaAFF2020 #TimnasIndonesia #KitaGaruda
https://t.co/mmWN9pvjVf"
90,1/2/2022 11:46,RamaputraAldo,"Selamat kepada Thailand yang tampil menjadi juara Piala AFF 2020 malam ini. 
#PialaAFF2020
#PialaAFF2021

 https://t.co/OeQDLSO0Cz"
91,1/2/2022 11:32,suzannita,"Thank you coach STY #STYSTAY #Timnas #TimnasIndonesia #SelamanyaGaruda #PialaAFF #PialaAFF2020 

 https://t.co/izOrGh58JK"
92,1/2/2022 11:13,tribunpontianak,"Ucapan Selamat Jokowi: Timnas Indonesia Sudah Berjuang dengan Gigih, Saya Tetap Bangga

Video Selengkapnya : https://t.co/ozSpSqSGMw

#Jokowi #TimnasIndoensia #PialaAFF2020 #PresidenJokowi #TimnasThailand #FinalPialaAFF #AFFSuzukiCup2020 https://t.co/1jEQjbhihS"
93,1/2/2022 10:40,Neng_Anyar,"Meski gagal jadi juara, tapi Indonesia raih sbg Tim Fair Play, dan Pratama Arhan sbgvPemain Muda Terbaik #PialaAFF2020 

Selamat Timnas Garuda, kami bangga dg kalian. Trims coach STY. https://t.co/AZj4tAj0L0"
94,1/2/2022 10:34,GOAL_ID,"Tae-yong akan beristirahat terlebih dulu sambil menyiapkan program untuk empat event sepanjang 2022.

#indonesia #PialaAFF2020 
https://t.co/QKdPJEXSgq"
95,1/2/2022 10:31,GTVID_News,"Indonesia gagal menjadi juara Piala AFF 2020 meski bermain imbang dengan skor akhir 2-2 dalam final leg kedua di National Stadium, Singapura. NNN

#GTVNews #BuletiniNewsPagi #BuletiniNews #ShinTaeyong #Indonesia #GarudaMuda #TimnasGaruda #SepakBola #PialaAFF2020 #SuzukiAFF2020 https://t.co/7IAc6Mui4Q"
96,1/2/2022 10:26,bolaskorcom,"Daftar Penghargaan Individu Piala AFF 2020: Dominasi Chanathip Songkrasin

#bolaskorcom #AFFSuzukiCup2020 #PialaAFF2020 
 https://t.co/fPHUwRilKy"
97,1/2/2022 10:22,OfficialiNewsTV,"Leg 2 Final Piala AFF 2020, Thailand Keluar Sebagai Juara

#SeputariNewsRCTI #SeputariNews #Infografis #BukanBeritaBiasa #Thailand #Indonesia #PialaAFF2020 #AFF2020 #Juara #Final https://t.co/QXLp39pbpw"
98,1/2/2022 10:21,madrid_zidan10,"Ù‚ÙŠÙ… Ù…Ø§Ù†Ùˆ Ø£Ù† Ø¥Ù†Ø¯ÙˆÙ†ÙŠØ³ÙŠØ§ Ù„Ø¯ÙŠÙ‡Ø§ Ù…Ø³ØªÙ‚Ø¨Ù„ Ù…Ø´Ø±Ù‚ ÙÙŠ Ø§Ù„Ø¢Ø³ÙŠØ§Ù† ÙˆÙƒØ±Ø© Ø§Ù„Ù‚Ø¯Ù… Ø§Ù„Ø¢Ø³ÙŠÙˆÙŠØ©.

 #PialaAFF2020

 https://t.co/scDH14a5rm"
99,1/2/2022 9:42,oryaoiii,Selamat pagi dari aku yang bangga banget sama perjuangan Timnas Indonesia #PialaAFF2020 https://t.co/sHL959vZ4N
100,1/2/2022 9:40,lampungpost_,"Thailand menjuarai Piala AFF 2020 setelah mengalahkan Indonesia di Final. Thailand menang dengan agregat 6-2 setelah menang 4-0 pada leg pertama dan imbang 2-2 pada leg kedua.

#Thailand #PialaAFF2020 #PialaAFF #TimnasPastiJuara #lampostco
https://t.co/ERKw2ns0to"
