text,label,Tweet
"Abdul Muâ€™ti: This Nation Should Remain to Unite and PSSI Should Reform after FIFA Strips Indonesia as Host of the U-20 World Cup

https://t.co/wBGCLla201

#Muhammadiyah #FIFA #U20worldcup #PSSI",0,abdul mu ti this nation should remain to unite and pssi should reform after fifa strips indonesia as host of the u world cup https t co wbgclla muhammadiyah fifa uworldcup pssi
"Berpengalaman Hadapi Krisis, Erick Thohir Mampu Selamatkan Sepak Bola Indonesia #PSSI https://t.co/LTew9F4jHU",0,alam hadap krisis erick thohir selamat sepak bola indonesia pssi https t co ltewfjhu
"Ambisi Shin Tae-yong Bawa Timnas Indonesia Tembus Piala Dunia 2026, Sandy Walsh: Itu Target Utama
 
https://t.co/dZY1cDW5od lewat @tribunkaltim 

#ShinTaeyong #TimnasIndonesia #PialaDunia #SandyWalsh #beritabolaterbaru",0,ambisi shin tae-yong bawa timnas indonesia tembus piala dunia sandy walsh target utama https t co dzycdwod shintaeyong timnasindonesia pialadunia sandywalsh beritabolaterbaru
"Argumen yang VALID!!

#FIFA #pialaduniau20 #PialaDuniaU20Indonesia #sepakbola #Palestina #PSSI https://t.co/Guq8IQ5Ix7",0,argumen valid fifa pialaduniau pialaduniauindonesia sepakbola palestina pssi https t co guqiqix
Asisten Pelatih Timnas Indonesia Yoo Jae Hoon kembali turut andil mengharumkan nama Indonesia setelah keberhasilan pasukan Garuda menjadi runner up Piala AFF 2020 #PialaAFF2020 https://t.co/XwIXjb9XJj,0,asisten latih timnas indonesia yoo jae hoon andil harum nama indonesia hasil pasu garuda runner up piala aff pialaaff https t co xwixjbxjj
"Peraturan Menteri Melarang Kehadiran Israel di Indonesia.

Terkendala konstitusi

Dalam Peraturan Menlu No. 3 Tahun 2019 pasal 150 dan 151 disebutkan dgn jelas, Indonesia menentang penjajahan Israel atas Palestina.

ini fakta yg diabaikan oleh PSSI

#FIFA23 #FIFA #PSSI #U20 https://t.co/IdpCvZflSR",2,atur menteri larang hadir israel indonesia kendala konstitusi atur menlu no pasal dgn indonesia tentang jajah israel palestina fakta yg abai pssi fifa fifa pssi u https t co idpcvzflsr
"Ayoo paak.. 
Lakukan apa yang bapak lakukan di #BUMN 
Kita rindu sepakbola yang sehat dan berprestasi.. 

#SepakbolaIndonesia #TimnasIndonesia #ErickThohir #PSSI https://t.co/mCvoYggoZ4",0,ayoo paak laku laku bumn rindu sepakbola sehat prestasi sepakbolaindonesia timnasindonesia erickthohir pssi https t co mcvoyggoz
"BADUT JOKER BARIS 4 CUAN SIANG HARI

Menang banyak panen banyak duit uhui selamat bos bisa buat lebaran jangan lupa bagi - bagi THR ke saudara ðŸ˜ŠðŸ™ðŸ»

âš¡ï¸BONUS DEPO 50% DAN 25 RB DI DEPANâš¡ï¸
âš¡ï¸KAOS GRATIS DARI KDSLOTSâš¡ï¸

#pragmaticplay #timnasindonesia #u20 #pialaduniau20 #viral https://t.co/17mO7zEIED",1,badut joker baris cuan siang menang panen duit uhu selamat bos lebaran lupa thr saudara bonus depo rb depan kaos gratis kdslots pragmaticplay timnasindonesia u pialaduniau viral https t co mozeied
"Balas Kebaikan Klub Luar Negeri, Shin Tae-yong Nggak Panggil Egy Maulana Cs di Piala AFF U-23

Baca Selengkapnya Disini!
https://t.co/AKhRdzkHNm

#MataIndonesia #TImnas #Shintaeyong #EgyMaulana #PialaAFF2020",0,balas baik klub negeri shin tae-yong nggak panggil egy maulana cs piala aff u baca lengkap https t co akhrdzkhnm mataindonesia timnas shintaeyong egymaulana pialaaff
"Dibalik Kesuksesan Pratama Arhan Pernah Kesulitan Membeli Sepatu Bola, Ibu: Sampai Jual Beras

#pratamaarhan 
#TimnasIndonesia 
#PialaAFF2020 

https://t.co/h1hjfSISGQ",0,balik sukses pratama arhan sulit beli sepatu bola jual beras pratamaarhan timnasindonesia pialaaff https t co hhjfsisgq
"Soal Batalnya Indonesia Jadi Tuan Rumah Piala Dunia U-20, Presiden Jokowi: Jangan Saling Menyalahkan.

#bolaskorcom #pssi #jokowi #fifa 

https://t.co/LjWO6H5AXh",0,batal indonesia tuan rumah piala dunia u presiden jokowi salah bolaskorcom pssi jokowi fifa https t co ljwohaxh
"Batal jadi tuan rumah Piala Dunia U-20 2023, berikut langkah tegas Presiden Jokowi dan Erick Thohir untuk generasi muda Timnas Indonesia.
#pialaduniau20 #TimnasIndonesia #JokoWidodo
https://t.co/OPhrLufg3M",0,batal tuan rumah piala dunia u langkah presiden jokowi erick thohir generasi muda timnas indonesia pialaduniau timnasindonesia jokowidodo https t co ophrlufgm
"Bawa Timnas Indonesia Runner-Up Piala AFF 2020, Shin Tae-yong Dapat Hadiah Dua Mobil

Baca selengkapnya disini!
https://t.co/Wp0vGASvae

#mataindonesia #timnasindonesia #runnerup #PialaAFF2020 #ShinTaeYong #hadiahmobil",0,bawa timnas indonesia runner-up piala aff shin tae-yong hadiah mobil baca lengkap https t co wpvgasvae mataindonesia timnasindonesia runnerup pialaaff shintaeyong hadiahmobil
"ðŸ”´ Sudah Bayar Denda, Mendadak 4 Pemain Indonesia Dilarang Main di Final Leg 2 #PialaAFF2020 #finalAFF2020 #TimnasIndonesia  
https://t.co/66WDCooz1A lewat @YouTube https://t.co/cbB6IIqHpm",0,bayar denda dadak main indonesia larang main final leg pialaaff finalaff timnasindonesia https t co wdcooza https t co cbbiiqhpm
"Usai Bela Indonesia di Piala AFF 2020, Ricky Kambuaya Siap Main di Luar Negeri- https://t.co/nXC5YeGTtZ
#PemainTimnasIndonesia #PialaAFF2020 https://t.co/BNPfqizxK1",0,bela indonesia piala aff ricky kambuaya main negeri https t co nxcyegttz pemaintimnasindonesia pialaaff https t co bnpfqizxk
"Belum Beri Bonus ke Timnas Indonesia, Sekjen PSSI: Melihat Kas Keuangan Dulu https://t.co/unsJy1TNc7 #BeritaTimnasIndonesia #Bonus #PialaAFF #PialaAFF2020 #PSSI https://t.co/QbJgPJMKw7",1,bonus timnas indonesia sekjen pssi kas uang https t co unsjytnc beritatimnasindonesia bonus pialaaff pialaaff pssi https t co qbjgpjmkw
"Mencari Solusi Masa Depan Sepak Bola Indonesia.

#pssi #gusmuhaimin #cakimin #syaifulhuda #komisix #pialaduniau20 #israel #palestine #muhaiminiskandar #pkb 

@dpp_pkb @cakiminow @emhasanuddin @syaifulhooda @AcepJamaludin01 https://t.co/kovwwtrjtu",0,cari solusi sepak bola indonesia pssi gusmuhaimin cakimin syaifulhuda komisix pialaduniau israel palestine muhaiminiskandar pkb https t co kovwwtrjtu
Mencari Solusi Masa Depan Sepak Bola Indonesia #Ramadan #Ramadan2023 #bukapuasa #PSSI #FIFA #u20 https://t.co/obOjB6LH30,0,cari solusi sepak bola indonesia ramadan ramadan bukapuasa pssi fifa u https t co obojblh
"CEO Kalteng Putra, Agustiar Sabran, memberikan semangat kepada penggawa Timnas Indonesia U-20.

#bolaskorcom #timnasindonesia #pssi #u20wc  

https://t.co/Uf7twWFaux",0,ceo kalteng putra agustiar sabran semangat penggawa timnas indonesia u bolaskorcom timnasindonesia pssi uwc https t co uftwwfaux
"Chanathip Songkrasin Pemain Terbaik Piala AFF Terbanyak- https://t.co/4yj7HS8BgW
#PialaAFF2020 #TimnasThailand https://t.co/uf1V7Manb2",0,chanathip songkrasin main baik piala aff https t co yjhsbgw pialaaff timnasthailand https t co ufvmanb
"Coba share pendapatmu, siapa yang kira-kira harus bertanggungjawab atas semua ini? ðŸ¤”

Saksikan #MetroTVKontroversi episode ASA TUAN RUMAH MUSNAH SUDAH di https://t.co/5AWRphxMkC

#PialaDuniaU20 #PialaDuniaU20Batal #TimnasIndonesia #TimnasIsrael #FIFA #PSSI https://t.co/tDMRBsRBjN",1,coba share dapat bertanggungjawab saksi metrotvkontroversi episode asa tuan rumah musnah https t co awrphxmkc pialaduniau pialaduniaubatal timnasindonesia timnasisrael fifa pssi https t co tdmrbsrbjn
"Countdown?! â€œKalo pak @erickthohir  bisa ngutarain perasaannya be likeâ€ ~ dududu

#pialadunia #pialaduniau20 #pialadubiabatal #u20 #garudamuda #sepakbola #pssi #timnas #timnasu20 #FIFA #erickthohir #timnasgaruda https://t.co/PznDCVsSy5",0,countdown kalo ngutarain asa be like dududu pialadunia pialaduniau pialadubiabatal u garudamuda sepakbola pssi timnas timnasu fifa erickthohir timnasgaruda https t co pzndcvssy
"Daftar Penghargaan Individu Piala AFF 2020: Dominasi Chanathip Songkrasin

#bolaskorcom #AFFSuzukiCup2020 #PialaAFF2020 
 https://t.co/fPHUwRilKy",0,daftar harga individu piala aff dominasi chanathip songkrasin bolaskorcom affsuzukicup pialaaff https t co fphuwrilky
"Daftar Lengkap Penghargaan Piala AFF 2020, Indonesia Dapat Dua

Baca Selengkapnya Disini!
https://t.co/l4nPk2mi6x

#MataIndonesia #PialaAFF #TimnasIndonesia #Penghargaan #PialaAFF2020",0,daftar lengkap harga piala aff indonesia baca lengkap https t co lnpkmix mataindonesia pialaaff timnasindonesia harga pialaaff
Daftar Lengkap 36 Pemain Timnas Untuk SEA Games 2023 https://t.co/GR6nnh1yNn #IndraSjafri #PSSI #SEAGames2023 #TimnasIndonesia https://t.co/ISBaZgLoPi,0,daftar lengkap main timnas sea games https t co grnnhynn indrasjafri pssi seagames timnasindonesia https t co isbazglopi
"memang ini lebih besar dari sekedar penyelenggaraan piala dunia, tapi tentang masa depan adik2 #garudamuda

Semoga masih banyak lagi kesempatan buat kalian untuk membanggakan bangsa ðŸ’”ðŸ’”

#timnas #timnasu20 #fifa #pssi #pialaduniau20 #u20 #erickthohir #pildun #sepakbola https://t.co/A6lxpdAljT",0,dar selenggara piala dunia adik garudamuda moga sempat bangga bangsa timnas timnasu fifa pssi pialaduniau u erickthohir pildun sepakbola https t co alxpdaljt
"Destiara Sari Sosok Wanita Cantik, Istri Nadeo Argawinata https://t.co/y4jfhubSwq via @cililinkudotcom #Timnasday #nadeo #PialaAFF2020",0,destiara sari sosok wanita cantik istri nadeo argawinata https t co yjfhubswq via timnasday nadeo pialaaff
"Sangat Detail, Elkan Baggott Sebut Shin Tae-yong Pelatih Kelas Dunia https://t.co/Ij2Zm5qDh6 #BeritaTimnasIndonesia #CoachSTY #ElkanBaggott #PialaAFF2020 https://t.co/hooiwSQIgc",0,detail elkan baggott shin tae-yong latih kelas dunia https t co ijzmqdh beritatimnasindonesia coachsty elkanbaggott pialaaff https t co hooiwsqigc
"Meski dihimbau untuk tak terlalu berharap, tapi sebenarnya kamu masih pengen ga sih Indonesia ikut main?

Saksikan #MetroTVKontroversi episode ASA TUAN RUMAH MUSNAH SUDAH di kanal youtube ""metrotvnews""

#PialaDuniaU20 #PialaDuniaU20Batal #TimnasIndonesia #TimnasIsrael #FIFA #PSSI https://t.co/Dg6l5cXsPk",0,dihimbau harap ken ga sih indonesia main saksi metrotvkontroversi episode asa tuan rumah musnah kanal youtube metrotvnews pialaduniau pialaduniaubatal timnasindonesia timnasisrael fifa pssi https t co dglcxspk
"DRAMA PSSI SOAL PIALA DUNIA U-20 

Sebenarnya tidak sanggup sejak awal tapi masih saja ada lobi-lobi terutama PSSI, ini malah terkesan ditutup-tutupi. 

Dasarnya ðŸ‘‡

#FIFA23 #FIFA #PSSI #U20 https://t.co/N3jCa03bNr",0,drama pssi piala dunia u sanggup lobi pssi kes tutup dasar fifa fifa pssi u https t co njcabnr
"Jadi tidak usah banyak drama dan tidak usah saling menyalahkan.

Kita harus kompak untuk isu israel supaya tidak dibilang bangsa yg plin plan. 

Bravo Indonesia
Bravo Timnas
Bravo PSSI
Bravo Politikus Yg Menolak Israel
ðŸ’ªðŸ’ªðŸ’ª
ðŸ‡²ðŸ‡¨ðŸ‡²ðŸ‡¨ðŸ‡²ðŸ‡¨ #U20 #TimnasIndonesia #SepakBolaIndonesia #Fifa https://t.co/aVYh0O0t1y",0,drama salah kompak isu israel bilang bangsa yg plin plan bravo indonesia bravo timnas bravo pssi bravo politikus yg tolak israel u timnasindonesia sepakbolaindonesia fifa https t co avyhoty
"Dukung mendukung silahkan, tp jangan lantas jd fanatik buta bahkan menjadi penganut sekte junjungan selalu benar. Seperti pesan Bung Hatta, sahabat yg baik itu bukan yg selalu mengangguk, tp yg berani menggeleng karena memperjuangkan kebenaran walaupun itu pahit. #PSSI #PDIP",0,dukung dukung silah tp lantas jd fanatik buta anut sekte junjung pesan hatta sahabat yg yg angguk tp yg berani geleng juang benar pahit pssi pdip
"Berikan dukungan, Respon Ganjar : ""Tetap semangat terus. Ini bukan kiamat. Teruslah berlatih dan mengembangkan sepak bola kita dengan serius. Masih banyak event""
#GanjarPranowo  #JawaTengah  #FIFA #PSSI #Israel #Palestina #TimnasU20 #PialaDuniaU20  #Indonesia https://t.co/2EYouHfsut",0,dukung respon ganjar semangat kiamat terus latih kembang sepak bola serius event ganjarpranowo jawatengah fifa pssi israel palestina timnasu pialaduniau indonesia https t co eyouhfsut
Pendukung Thailand Sebut Timnas Indonesia Sangat Menakutkan https://t.co/Vsi35Gtt2M #PialaAFF2020 #Thailand #TimnasIndonesia https://t.co/uB7I8buNEp,0,dukung thailand timnas indonesia takut https t co vsigttm pialaaff thailand timnasindonesia https t co ubibunep
"Bagaimana efek pembatalan Piala Dunia U-20 terhadap elektabilitas Ganjar?

#DariMejaRedaksi #KoranTempo #PialaDuniaU20 #ganjarpranowo #pssi #fifa https://t.co/jHqKlqrcyw",0,efek batal piala dunia u elektabilitas ganjar darimejaredaksi korantempo pialaduniau ganjarpranowo pssi fifa https t co jhqklqrcyw
"Erick Thohir diberikan Intruksi khusus dari Presiden Jokowi untuk transformasi PSSI, Ayo dukung terus kemajuan sepakbola Indonesia ðŸ‘ðŸ»ðŸ‘ðŸ»ðŸ‘ðŸ» #erickthohir #rokET #pssi #erickthohirbukanmaen #bumnhadiruntuknegeri #bumnuntukindonesia #erickthohirsolusirakyat #indoviral #IndonesiaMaju https://t.co/ba9bXORVPC",0,erick thohir intruksi khusus presiden jokowi transformasi pssi ayo dukung maju sepakbola indonesia erickthohir roket pssi erickthohirbukanmaen bumnhadiruntuknegeri bumnuntukindonesia erickthohirsolusirakyat indoviral indonesiamaju https t co babxorvpc
"Erick Thohir diberikan Intruksi khusus dari Presiden Jokowi untuk transformasi PSSI, Ayo dukung terus kemajuan sepakbola Indonesia ðŸ‘ðŸ»ðŸ‘ðŸ»ðŸ‘ðŸ» #erickthohir #rokET #pssi #erickthohirbukanmaen #bumnhadiruntuknegeri #bumnuntukindonesia #erickthohirsolusirakyat #indoviral #indonesiamaju https://t.co/lEkN0cIVYx",0,erick thohir intruksi khusus presiden jokowi transformasi pssi ayo dukung maju sepakbola indonesia erickthohir roket pssi erickthohirbukanmaen bumnhadiruntuknegeri bumnuntukindonesia erickthohirsolusirakyat indoviral indonesiamaju https t co lekncivyx
"Erick Thohir Jadikan Kesejahteraan Masyarakat Indonesia Menjadi Yang Utama
#erickthohir #ericthohirwapres #erickthohirsolusirakyat #BangkitBersamaET #indonesiamaju #bumnhadiruntuknegeri #bumnuntukindonesia #pssi #pssiindonesia #pilpres2024 https://t.co/XOJ7xkMqTP",0,erick thohir jadi sejahtera masyarakat indonesia utama erickthohir ericthohirwapres erickthohirsolusirakyat bangkitbersamaet indonesiamaju bumnhadiruntuknegeri bumnuntukindonesia pssi pssiindonesia pilpres https t co xojxkmqtp
Erick Thohir: Presiden FIFA Mempertanyakan Transformasi Sepakbola Indonesia Serius atau Tidak https://t.co/c48DfO6kPR #FIFA #PialaDuniaU-20 #PSSI #TimnasIndonesia,0,erick thohir presiden fifa transformasi sepakbola indonesia serius https t co cdfokpr fifa pialaduniau pssi timnasindonesia
Erick Thohir terima instruksi khusus Presiden Jokowi dalam transformasi PSSI. #PSSI #BangkitBersamaET https://t.co/IvxIOT16YR,0,erick thohir terima instruksi khusus presiden jokowi transformasi pssi pssi bangkitbersamaet https t co ivxiotyr
"Erick thohir Terima intrusi khusus pak presiden jokowi dalam transformasi PSSI
@jokowi 
@erickthohir 
#pialaduniau20 
#pssi 
#fifa 
#guebersamaerickthohir
#satsetsatset 
#sepakboladunia 
#sepakbolaindonesia 
#sepakbola https://t.co/3JCaN9vW3J",0,erick thohir terima intrusi khusus presiden jokowi transformasi pssi pialaduniau pssi fifa guebersamaerickthohir satsetsatset sepakboladunia sepakbolaindonesia sepakbola https t co jcanvwj
"Erick thohir Terima intrusi khusus pak presiden jokowi dalam transformasi PSSI
@jokowi 
@erickthohir 
#pialaduniau20 
#pssi 
#fifa 
#guebersamaerickthohir
#satsetsatset 
#sepakboladunia 
#sepakbolaindonesia 
#sepakbola https://t.co/9uMHXYouDX",0,erick thohir terima intrusi khusus presiden jokowi transformasi pssi pialaduniau pssi fifa guebersamaerickthohir satsetsatset sepakboladunia sepakbolaindonesia sepakbola https t co umhxyoudx
"Hanya Ezra Walian Striker Timnas Indonesia yang Produktif di Piala AFF 2020- https://t.co/6tVhBvE6Bg
#PemainPersibBandung #PialaAFF2020 #StrikerIndonesia https://t.co/zWLHKZcrIh",0,ezra wali striker timnas indonesia produktif piala aff https t co tvhbvebg pemainpersibbandung pialaaff strikerindonesia https t co zwlhkzcrih
Apakah FIFA emang gak berani mengsanksi mereka? #FIFA #PSSI #U20 https://t.co/2xpue4AyLI,0,fifa emang gak berani mengsanksi fifa pssi u https t co xpueayli
"FIFA pakai standar ganda dan bela mati2 an israel. Di saat yg lain mereka â€œbannedâ€ timnas rusia saat piala dunia 2022.

Prinsip negara indonesia harus diatas segala2nya. Founding fathers kita sejak dulu menolak israel.

#U20 #TimnasIndonesia #SepakBolaIndonesia #Fifa https://t.co/PkXi8PTyzc",0,fifa pakai standar ganda bela mati an israel yg banned timnas rusia piala dunia prinsip negara indonesia atas founding fathers tolak israel u timnasindonesia sepakbolaindonesia fifa https t co pkxiptyzc
@6undul0h #FIFA #PSSI @FIFAcom @PSSI @erickthohir @jokowi @PalestineToday,0,fifa pssi
"FIFA standar ganda kepada Israel...

#FIFA #pialaduniau20 #PialaDuniaU20Indonesia #sepakbola #Palestina #PSSI https://t.co/r9mJfn9uTw",0,fifa standar ganda israel fifa pialaduniau pialaduniauindonesia sepakbola palestina pssi https t co rmjfnutw
"FIFA standar ganda kepada Israel...

#FIFA #pialaduniau20 #PialaDuniaU20Indonesia #sepakbola #Palestina #PSSI https://t.co/yIPucsqhxA",0,fifa standar ganda israel fifa pialaduniau pialaduniauindonesia sepakbola palestina pssi https t co yipucsqhxa
"FIFA menolak memberikan sanksi kepada Israel yang mengadakan pertandingan di wilayah Palestina
#FIFA #PSSI #sepakbola #politik #fff #lfl #mutual https://t.co/OI4Mdy49vH",0,fifa tolak sanksi israel ada tanding wilayah palestina fifa pssi sepakbola politik fff lfl mutual https t co oimdyvh
"Ada ga ya solusi untuk tetap mendukung mimpi-mimpi para atlet sepak bola kita?

Saksikan #MetroTVKontroversi episode ASA TUAN RUMAH MUSNAH SUDAH di https://t.co/5AWRphxMkC

#PialaDuniaU20 #PialaDuniaU20Batal #TimnasIndonesia #TimnasIsrael #FIFA #PSSI https://t.co/LXq81fT8p9",0,ga ya solusi dukung mimpi atlet sepak bola saksi metrotvkontroversi episode asa tuan rumah musnah https t co awrphxmkc pialaduniau pialaduniaubatal timnasindonesia timnasisrael fifa pssi https t co lxqftp
"Gading Marten Beri Suntikan Semangat Ke Timnas Indonesia U-20, Pasca Gagal Berlaga Di Piala Dunia U-20
#TimnasU20 #TimnasU20 #TimnasIndonesia #GadingMarten #pialaduniau20 #PialaDuniaBatalKarnaIni #PialaDuniaU20Indonesia #pialadunia https://t.co/Yy7ptwVHb1",0,gading marten sunti semangat timnas indonesia u pasca gagal laga piala dunia u timnasu timnasu timnasindonesia gadingmarten pialaduniau pialaduniabatalkarnaini pialaduniauindonesia pialadunia https t co yyptwvhb
"Jangan gaduh dan jangan ada drama

#PialaDuniaU20 #FIFA #SepakBolaIndonesia #TimnasIndonesia https://t.co/gitrcWV2iH",0,gaduh drama pialaduniau fifa sepakbolaindonesia timnasindonesia https t co gitrcwvih
"Gagal Bawa Emas di SEA Games 2021, PSSI: Shin Tae-yong Masih Aman https://t.co/HV2FpyasAl #PialaAFF2020 #PSSI #SEAGames2021 #ShinTaeyong #TimnasIndonesiaU23 https://t.co/6aZ85W0lYL",0,gagal bawa emas sea games pssi shin tae-yong aman https t co hvfpyasal pialaaff pssi seagames shintaeyong timnasindonesiau https t co azwlyl
"Meski gagal jadi juara, tapi Indonesia raih sbg Tim Fair Play, dan Pratama Arhan sbgvPemain Muda Terbaik #PialaAFF2020 

Selamat Timnas Garuda, kami bangga dg kalian. Trims coach STY. https://t.co/AZj4tAj0L0",1,gagal juara indonesia raih sbg tim fair play pratama arhan sbgvpemain muda baik pialaaff selamat timnas garuda bangga dg trims coach sty https t co azjtajl
"Gagal di Piala AFF 2020, Park Hang-seo Dikabarkan Mundur dari Timnas Vietnam https://t.co/JOdWHufTDP #BolaInternasional #China #ParkHangseo #PialaAFF #PialaAFF2020 https://t.co/rv3NfaXCcb",0,gagal piala aff park hang-seo kabar mundur timnas vietnam https t co jodwhuftdp bolainternasional china parkhangseo pialaaff pialaaff https t co rvnfaxccb
"Gagal di Piala AFF 2020, Ini Target Shin Tae-yong di 2022

Baca selengkapnya Disini!
https://t.co/mj5UJbmqCD

#MataIndonesia #PialaAFF2020 #Shintaeyong #AFFSuzukiCup2020 #Timnas",0,gagal piala aff target shin tae-yong baca lengkap https t co mjujbmqcd mataindonesia pialaaff shintaeyong affsuzukicup timnas
"Kegagalan meraih gelar juara Piala AFF 2020, tak membuat Elkan Baggott, kecewa berat. Ia mengaku tetap bangga dengan pencapaian yang diukir timnas Indonesia.

#Indonesia #Garuda #PialaAFF2020

https://t.co/9u96OapXwt https://t.co/bmyD2aciAE",0,gagal raih gelar juara piala aff elkan baggott kecewa berat aku bangga capai ukir timnas indonesia indonesia garuda pialaaff https t co uoapxwt https t co bmydaciae
"Setelah gagal tampil di Piala Dunia U20, timnas U20 telah resmi dibubarkan. âŒ

Tetap semangat Garuda muda ðŸ”¥

______________
#indonesia #pialaduniau20 #timnas #pssi #fifa https://t.co/nhgfgnK2sz",0,gagal tampil piala dunia u timnas u resmi bubar semangat garuda muda indonesia pialaduniau timnas pssi fifa https t co nhgfgnksz
"Garuda Yaksa ( CORP GMD). 

#mendingprabowo #prabowosubianto #prabowo
#gerindra #gerindrajateng #gerindrajawatengah #dpckabklaten #pssi #kabarklaten #klatenhitz #klatenkeren https://t.co/oCGkP26Htq",0,garuda yaksa corp gmd mendingprabowo prabowosubianto prabowo gerindra gerindrajateng gerindrajawatengah dpckabklaten pssi kabarklaten klatenhitz klatenkeren https t co ocgkphtq
"GBK Bisa Digunakan Timnas Indonesia untuk Piala AFF 2022 - https://t.co/7uU1Z20doL
#PialaAFF2020 #StadionGBK https://t.co/qqSelLp486",0,gbk timnas indonesia piala aff https t co uuzdol pialaaff stadiongbk https t co qqsellp
"Gelar Top Skor Piala AFF 2020 Diberikan Kepada Empat Pemain, Ternyata Bukan Pertama Kali- https://t.co/NY7RxNYbI8
#PialaAFF2020 https://t.co/fXdSjg7GCG",1,gelar top skor piala aff main kali https t co nyrxnybi pialaaff https t co fxdsjggcg
"Gelar Top Skor Piala AFF 2020 Diberikan Kepada Empat Pemain, Ternyata Bukan Pertama Kali- https://t.co/NY7RxNYbI8
#PialaAFF2020 https://t.co/lNW9ob9ndr",1,gelar top skor piala aff main kali https t co nyrxnybi pialaaff https t co lnwobndr
"Gue berdoa insyaa allah, Garuda Muda kita bisa mengepakkan sayapnya lebih tinggi dan lebih jauh lagi. Pesen gue, karena ada musibah saat ini, plis, jangan pernah berenti berjuang ya!

#pssi #sepakbola  #pialadunia #pialaduniau20 #fifa #liga1 #liga2 #liga3 #ligaindonesia https://t.co/JYJbVEauiL",0,gue doa insyaa allah garuda muda epak sayap sen gue musibah plis renti juang ya pssi sepakbola pialadunia pialaduniau fifa liga liga liga ligaindonesia https t co jyjbveauil
"HALO APRIL APAKABAR KAMU HARI INI?

ðŸ”¥LUCKY EGG APRIL LEBARAN 2023ðŸ”¥
ðŸ”¥DEPO VIRTUAL ACCOUNT BEBAS BIAYAðŸ”¥
ðŸ”¥TOURNAMENT MEWAH KDSLOTSðŸ”¥
ðŸ”¥SUGAR RUSH ADA EXTRA BONUSðŸ”¥
ðŸ”¥KAOS GRATIS DARI AKUNG KDSLOTSðŸ”¥

#april #aprilmop #timnasindonesia #u20 #pialaduniau20 #viral #beritaterkini https://t.co/fnjMPjAB4Q",1,halo april apakabar lucky egg april lebaran depo virtual account bebas biaya tournament mewah kdslots sugar rush extra bonus kaos gratis akung kdslots april aprilmop timnasindonesia u pialaduniau viral beritaterkini https t co fnjmpjabq
"""Menghancurkan Mimpi Anak Bangsa""
Waduh..
Lha kebanyakan tidur itu..
Ayo bangun, berjuang ukir prestasi.
Biar bisa memenuhi syarat kualifikasi.
Lha ini ikut melalui jalur aji mumpung..
ðŸ¤£
Yang ada tuh
""Menghancurkan Mimpi Pebisnis Peraih Keuntungan via Sepakbola"" ðŸ¤­

#U20
#PSSI",0,hancur mimpi anak bangsa lha banyak tidur ayo bangun juang ukir prestasi biar penuh syarat kualifikasi lha jalur aji mumpung tuh hancur mimpi bisnis raih untung via sepakbola u pssi
"Hasil Final Piala AFF 2020, Bukti Timnas Indonesia Lebih Unggul dari Vietnam- https://t.co/iUJ1a7FiRa
#PialaAFF2020 #TimnasIndonesia #TimnasThailand #TimnasVietnam https://t.co/nh1ksLn3ff",0,hasil final piala aff bukti timnas indonesia unggul vietnam https t co iujafira pialaaff timnasindonesia timnasthailand timnasvietnam https t co nhkslnff
"Hasil Final Piala AFF 2020, Bukti Timnas Indonesia Lebih Unggul dari Vietnam- https://t.co/iUJ1a7FiRa
#PialaAFF2020 #TimnasIndonesia #TimnasThailand #TimnasVietnam https://t.co/p5n6YyJAIy",0,hasil final piala aff bukti timnas indonesia unggul vietnam https t co iujafira pialaaff timnasindonesia timnasthailand timnasvietnam https t co pnyyjaiy
"Hasil dan proses mestinya tidak perlu dipertentangkan. Keduanya merupakan bagian dari dua sisi mata uang.
#mimbar #PSSI #pialaaff2020 #lampostco
https://t.co/ehgaExhV7s",0,hasil proses mesti tentang sisi mata uang mimbar pssi pialaaff lampostco https t co ehgaexhvs
"Perhelatan turnamen sepak bola se-Asia Tenggara, Piala AFF 2020, telah selesai bergulir pada Sabtu 1 Januari 2022. 

#PialaAFF2020 #PialaAFF
#beritaterkini #lampostco
https://t.co/WouFqap44n",0,helat turnamen sepak bola se-asia tenggara piala aff selesai gulir sabtu januari pialaaff pialaaff beritaterkini lampostco https t co woufqapn
"Hi Ideafams! Tim Nasional Indonesia lolos menjadi runner up pada Kejuaraan Piala AFF Suzuki Cup 2020 ini. 
@PSSI #PialaAFF2020 #pialaaffsuzuki2020 #indonesiavsthailand #IndonesiaJuara 
https://t.co/UrJ6Kn0Zhw",0,hi ideafams tim nasional indonesia lolos runner up juara piala aff suzuki cup pialaaff pialaaffsuzuki indonesiavsthailand indonesiajuara https t co urjknzhw
"Highlight FIFA Matchday Indonesia Vs Burundi 3-1 25/03/2023
#indonesiavsburundi ,#timnasindonesia ,#indonesia ,#beritabolaterbaru ,#beritabolaterbaruhariini ,#beritabolaterbaruhariini2023 
https://t.co/NA44sRZmzJ",1,highlight fifa matchday indonesia vs burundi indonesiavsburundi timnasindonesia indonesia beritabolaterbaru beritabolaterbaruhariini beritabolaterbaruhariini https t co nasrzmzj
"Hmmm, gak adil juga ya kalo kayak gini. Pihak mana sih yang menerapkan sistem 'tebang pilih' ini? ðŸ¤

Saksikan #MetroTVKontroversi episode ASA TUAN RUMAH MUSNAH SUDAH di https://t.co/5AWRphxMkC

#PialaDuniaU20 #PialaDuniaU20Batal #TimnasIndonesia #TimnasIsrael #FIFA #PSSI https://t.co/CTyrvfPyBQ",0,hmmm gak adil ya kalo kayak gin sih terap sistem tebang pilih saksi metrotvkontroversi episode asa tuan rumah musnah https t co awrphxmkc pialaduniau pialaduniaubatal timnasindonesia timnasisrael fifa pssi https t co ctyrvfpybq
"Hmmm makasih coach udah diingetin ini ga cuma sekedar soal jadi tuan rumah. Tapi soal masa depan adik2 #garudamuda

#coachjustin #timnas #timnasu20 #PialaDuniaU20 #garuda #pssi #fifa #erickthohir #densu https://t.co/w5BTZbHJCn",0,hmmm makasih coach udah diingetin ga dar tuan rumah adik garudamuda coachjustin timnas timnasu pialaduniau garuda pssi fifa erickthohir densu https t co wbtzbhjcn
"Harus ikhlas ya teman teman

#PialaDuniaU20 #FIFA #SepakBolaIndonesia #TimnasIndonesia https://t.co/DrBmbYrCaj",0,ikhlas ya teman teman pialaduniau fifa sepakbolaindonesia timnasindonesia https t co drbmbyrcaj
"Imbangi Thailand di Leg 2 Final Piala AFF 2020, Indonesia Kalah Agregat 2-6 #BuletiniNewsSiang 02/01

Selengkapnya https://t.co/68NRrutuJ3

#Indonesia #Thailand #PialaAFF2020 https://t.co/cLkCXSeeOT",0,imbang thailand leg final piala aff indonesia kalah agregat buletininewssiang lengkap https t co nrrutuj indonesia thailand pialaaff https t co clkcxseeot
"""Impian kami harus hancur oleh orang-orang yang berbicara mengatasnamakan kemanusiaan. Jangan terlalu memikirkan negara lain jika ingin berbicara kemanusiaan. Kenapa kalian diam ketika tragedi kanjuruhan yang memakan korban lebih dari 100 nyawa hilang?,""

#pildunu20
#pssi
#FIFA",0,impi hancur orang bicara mengatasnamakan manusia pikir negara bicara manusia diam tragedi kanjuruhan makan korban nyawa hilang pildunu pssi fifa
"Indonesia Bangkit, Indonesia Tumbuh ..

Ini laah kehebatan bangsa kita , kebersatuan harus terjadi dan optimisme harus di selalu ada ..

Maju Terus Indonesiaku...

#RoemahKemenanganET #KerjaSatsET #SepakbolaIndonesia #BUMN #ErickThohir #PSSI #KinerjaKerjaErickThohir https://t.co/MJwO1FQ5k7",0,indonesia bangkit indonesia tumbuh laah hebat bangsa satu optimisme maju indonesia roemahkemenanganet kerjasatset sepakbolaindonesia bumn erickthohir pssi kinerjakerjaerickthohir https t co mjwofqk
"Indonesia Batal Jadi Tuan Rumah Piala Dunia U-20, Irwan Fecho: PSSI Hancur di Tangan Rezim Sekarang https://t.co/HfkvXHb7H9 #FIFA #IrwanFecho #PialaDuniaU-20 #PSSI",0,indonesia batal tuan rumah piala dunia u irwan fecho pssi hancur tangan rezim https t co hfkvxhbh fifa irwanfecho pialaduniau pssi
"Karena Indonesia batal menjadi Tuan Rumah, Timnas U-20 dibubarkan.
#ArgentinaGP 
#Timnasu20
#PSSI 

https://t.co/xnoiKMKQCQ",0,indonesia batal tuan rumah timnas u bubar argentinagp timnasu pssi https t co xnoikmkqcq
"Indonesia gagal menjadi juara Piala AFF 2020 meski bermain imbang dengan skor akhir 2-2 dalam final leg kedua di National Stadium, Singapura. NNN

#GTVNews #BuletiniNewsPagi #BuletiniNews #ShinTaeyong #Indonesia #GarudaMuda #TimnasGaruda #SepakBola #PialaAFF2020 #SuzukiAFF2020 https://t.co/7IAc6Mui4Q",0,indonesia gagal juara piala aff main imbang skor final leg national stadium singapura nnn gtvnews buletininewspagi buletininews shintaeyong indonesia garudamuda timnasgaruda sepakbola pialaaff suzukiaff https t co iacmuiq
"Indonesia pada akhirnya gagal menjadi juara Piala AFF 2020, tapi semangat dan perjuangan para pemain ditunjukkan dengan luar biasa di atas lapangan, begitu juga yang diberikan oleh suporter dari tribun! 

#Indonesia #PialaAFF2020 https://t.co/rd213M0iqi",0,indonesia gagal juara piala aff semangat juang main lapang suporter tribun indonesia pialaaff https t co rdmiqi
"Indonesia terhormat dan kuat!

#PialaDuniaU20 #StandarGanda #FIFA #PSSI #U20 #SepakBolaIndonesia #TimnasIndonesia #KecamFIFA https://t.co/g5dIKLwoe0",0,indonesia hormat kuat pialaduniau standarganda fifa pssi u sepakbolaindonesia timnasindonesia kecamfifa https t co gdiklwoe
"Indonesia Raih Runner Up Piala AFF 2020, Shin Tae-yong Blak-Blakan Posisi Ini Paling Lemah- https://t.co/9PMtgss7Xx
#PialaAFF2020 #ShinTaeYong #StrikerIndonesia https://t.co/D1gcnyAoTo",0,indonesia raih runner up piala aff shin tae-yong blak-blakan posisi lemah https t co pmtgssxx pialaaff shintaeyong strikerindonesia https t co dgcnyaoto
"Antar Indonesia Runner Up AFF 2020, Pemprov Sulsel Beri Bonus Rp200 Juta ke Asnawi dan Irfan Jaya https://t.co/TZShgKXQd0 #AsnawiMangkualam #IrfanJaya #PemprovSulsel #PialaAff2020",1,indonesia runner up aff pemprov sulsel bonus rp juta asnawi irfan jaya https t co tzshgkxqd asnawimangkualam irfanjaya pemprovsulsel pialaaff
"Indra Sjafri Umumkan 36 Pemain TC Untuk Sea Games 2023, Satu Pemain PSM Dapat Panggilan https://t.co/ExFb7COSOq #PSMMakassar #TimnasIndonesia",0,indra sjafri umum main tc sea games main psm panggil https t co exfbcosoq psmmakassar timnasindonesia
"Infrastruktur yang tidak memadai dr beberapa stadion yg disiapkan, hanya 4 yg dinyatakan layak. berkaca pd kerusuhan Kanjuruhan faktor keamanan menjadi isu utama, di tambah lagi amarah sebagian kelompok orang yg menolak. 
#FIFA #PSSI #FIFA23 #U20 https://t.co/2ZELfMS4w3",0,infrastruktur pada dr stadion yg siap yg nyata layak kaca pd rusuh kanjuruhan faktor aman isu utama amarah kelompok orang yg tolak fifa pssi fifa u https t co zelfmsw
"Instruksi Pak Presiden Jokowi jelas dan tegas untuk #TransformasiPssi

Dengan di pegang oleh sosok yang tepat, Pak Jokowi berharap #PSSI kedepannya akan berjalan kearah yang lebih baik

Semangat Terus Pak #ErickThohir

#SepakbolaIndonesia #KerjaSatsET #TimnasIndonesia #PialaDunia https://t.co/r7eQcLKXNu",0,instruksi presiden jokowi transformasipssi pegang sosok jokowi harap pssi depan jalan arah semangat erickthohir sepakbolaindonesia kerjasatset timnasindonesia pialadunia https t co reqclkxnu
"#Iriawan menyebutkan penyambutan yang dilakukan merupakan bentuk apresiasi atas perjuangan timnas #Indonesia di #PialaAFF2020 

https://t.co/hmTn6fR5e6",0,iriawan sambut bentuk apresiasi juang timnas indonesia pialaaff https t co hmtnfre
"Ini bukan isu agama, ini isu kemanusiaan 

#FIFA #pialaduniau20 #PialaDuniaU20Indonesia #sepakbola #Palestina #PSSI https://t.co/aIPhLATEgh",0,isu agama isu manusia fifa pialaduniau pialaduniauindonesia sepakbola palestina pssi https t co aiphlategh
"Ini bukan isu agama, ini isu kemanusiaan 

#FIFA #pialaduniau20 #PialaDuniaU20Indonesia #sepakbola #Palestina #PSSI https://t.co/VAUYVmRaFY",0,isu agama isu manusia fifa pialaduniau pialaduniauindonesia sepakbola palestina pssi https t co vauyvmrafy
"Pejabat Hibur Pemain Muda Timnas Indonesia yang Kini Terpuruk, Bung Towel: Tidak Ada Gunanya!

#TimnasIndonesia #pialaduniau20 #PSSI #FIFA 
https://t.co/RZ96eoTPBx",0,jabat hibur main muda timnas indonesia puruk towel guna timnasindonesia pialaduniau pssi fifa https t co rzeotpbx
"Jadwal AFF Cup 2022 Live 14-26 Februari Timnas Indonesia U-23 vs Malaysia U-23 Kapan ?
#AFFSuzukiCup2021 #AFF2022 #AFFU23 #PialaAFF2020 #Timnasday #TimnasIndonesia 
 
https://t.co/yRycir4UjN lewat @tribunpontianak",0,jadwal aff cup live februari timnas indonesia u vs malaysia u affsuzukicup aff affu pialaaff timnasday timnasindonesia https t co yrycirujn
"Berikut jadwal pertandingan Timnas Indonesia usai Piala AFF 2020

#TimnasIndonesia #PialaAFF2020 #JadwalPertandingan

https://t.co/tChbbjROwo",0,jadwal tanding timnas indonesia piala aff timnasindonesia pialaaff jadwalpertandingan https t co tchbbjrowo
"#jedakjeduksepakboladunia #messipsg #sepakbolaeropa2023 #messisepaksalto #fotball_edits #fypdong #kbo77 #viral #kbo77official  #fyp #trend #jedagjedug #soundkane #awalnyadiremehkan #football #hulk #training #shot #berandatiktok  
#pialaduniau20 #pssi #u20 #pialadunia #pildun https://t.co/N3KveVNOkd",0,jedakjeduksepakboladunia messipsg sepakbolaeropa messisepaksalto fotball edits fypdong kbo viral kboofficial fyp trend jedagjedug soundkane awalnyadiremehkan football hulk training shot berandatiktok pialaduniau pssi u pialadunia pildun https t co nkvevnokd
"Jelang Kualifikasi Olimpiade Paris 2024, Timnas Wanita Indonesia Kembali Lakukan Pemusatan Latihan https://t.co/hwgeBH4BWI #OlimpiadeParis2024 #TimnasIndonesia",0,jelang kualifikasi olimpiade paris timnas wanita indonesia laku pusat latih https t co hwgebhbwi olimpiadeparis timnasindonesia
"Jokowi Motivasi Timnas U-20 Usai Gagal Jadi Tuan Rumah Piala Dunia

https://t.co/dTprfJjvUb

#Sepakbola #Jokowi #TimnasU20 #timnasindonesia #PSSI #motivasi #beritabola #sepakbolaindonesia #pialaduniau20",0,jokowi motivasi timnas u gagal tuan rumah piala dunia https t co dtprfjjvub sepakbola jokowi timnasu timnasindonesia pssi motivasi beritabola sepakbolaindonesia pialaduniau
"Juara Piala AFF 2020, Pelatih Thailand Terancam Angkat Koper https://t.co/TSGf5q8Vna #AlexandrePolking #BeritaTimnasThailand #PialaAFF2020 #Thailand https://t.co/j4sfTzN5za",0,juara piala aff latih thailand ancam angkat koper https t co tsgfqvna alexandrepolking beritatimnasthailand pialaaff thailand https t co jsftznza
"Usai juara Piala AFF 2020, pelatih Thailand meyakini kalau masa depan Timnas Indonesia bakal cerah.
#AFFSuzukiCup2020 #PialaAFF2020 #TimnasIndonesia #KitaGaruda
https://t.co/Vwr7LZ3DWb",0,juara piala aff latih thailand timnas indonesia cerah affsuzukicup pialaaff timnasindonesia kitagaruda https t co vwrlzdwb
"JUS TALK MEMBER #118 : SAYA BELUM BISA MOVE ON

https://t.co/Um5bRdozGj On @Youtube 

#justalkmember #justalkmedia #coachjustinl #sepakbola #olahraga #timnas #timnasday #timnasindonesia #aff #pssi #erickthohir #ligaindonesia #liga1 #viral #berita #beritaolahraga #fyp https://t.co/oq0B2yQu2P",0,jus talk member move on https t co umbrdozgj on justalkmember justalkmedia coachjustinl sepakbola olahraga timnas timnasday timnasindonesia aff pssi erickthohir ligaindonesia liga viral berita beritaolahraga fyp https t co oqbyqup
"Kacau! Sekelas Pelaksana Tugas Menpora aja gak tau, gimana Timnas Indonesia? Gimana kita masyarakat? 

Saksikan #MetroTVKontroversi episode ASA TUAN RUMAH MUSNAH SUDAH di https://t.co/5AWRphxMkC

#PialaDuniaU20 #PialaDuniaU20Batal #TimnasIndonesia #TimnasIsrael #FIFA #PSSI https://t.co/sDpDD0OEbI",0,kacau kelas laksana tugas menpora aja gak tau gimana timnas indonesia gimana masyarakat saksi metrotvkontroversi episode asa tuan rumah musnah https t co awrphxmkc pialaduniau pialaduniaubatal timnasindonesia timnasisrael fifa pssi https t co sdpddoebi
"Meskipun Kalah, Berikut Daftar Penghargaan Piala AFF 2020, Pratama Arhan Pemain Muda Terbaik

Video Selengkapnya : https://t.co/LKUtD6KRa4

#TimnasIndonesia #PialaAFF2020 #Arhan #PratamaArhan #RunnerUp #ManOfTheMatch #TimFairPlay #Penghargaan https://t.co/LdhRT4ZaX4",0,kalah daftar harga piala aff pratama arhan main muda baik video lengkap https t co lkutdkra timnasindonesia pialaaff arhan pratamaarhan runnerup manofthematch timfairplay harga https t co ldhrtzax
"Dikalahkan Timnas Indonesia di Piala AFF 2020, Dua Pelatih Mundur- https://t.co/RiXjm8aAfa
#PelatihMalaysia #PelatihSingapura #PialaAFF2020 https://t.co/bbImINVQH0",0,kalah timnas indonesia piala aff latih mundur https t co rixjmaafa pelatihmalaysia pelatihsingapura pialaaff https t co bbiminvqh
"Kalem aja om @jokowi bro @erickthohir ,,, the power of ðŸ‘ ðŸ˜ðŸ˜

#fifa
#pssi
#timnas 
#israel
#Indonesia https://t.co/YY4juF8NLD",0,kalem aja om bro the power of fifa pssi timnas israel indonesia https t co yyjufnld
"Kans Ricky Kambuaya untuk melanjutkan kiprahnya ke luar negeri terbuka lebar. Mengingat, banyak klub asing yang sudah melihat performanya di Piala AFF 2020.

#Garuda #Indonesia #PialaAFF2020

https://t.co/zOBr3HiZ6x",0,kans ricky kambuaya lanjut kiprah negeri buka lebar klub asing performa piala aff garuda indonesia pialaaff https t co zobrhizx
"Kaum Hawa Patah Hati Nggak? Witan Sulaeman Resmi Lamar Kekasihnya

Baca selengkapnya disini!
https://t.co/BRGIfUWftQ

#MataIndonesia #WitanSulaeman #Lamaran #Timnas #pialaaff2020",0,kaum hawa patah hati nggak witan sulaeman resmi lamar kasih baca lengkap https t co brgifuwftq mataindonesia witansulaeman lamar timnas pialaaff
"Terkesan Ledek Asnawi, Pemain Timnas Singapura Ini Diserang Fans Indonesia https://t.co/fv4jtiifpx #AsnawiMangkualam #PialaAff2020 #SafuwanBaharudin",0,kes ledek asnawi main timnas singapura serang fans indonesia https t co fvjtiifpx asnawimangkualam pialaaff safuwanbaharudin
"Ketua Umum PSSI Erick Thohir mengatakan, akan bernegosiasi dengan FIFA agar Indonesia tidak terkena sanksi berat. Presiden tidak mau PSSI terkucilkan dari peta persepakbolaan dunia

#jokowi  #pialadunia #pialaduniau20 #worldcup #u20worldcup #fifa #pssi #timnasindonesia https://t.co/tqRvi7YL8B",0,ketua pssi erick thohir negosiasi fifa indonesia kena sanksi berat presiden pssi kucil peta persepakbolaan dunia jokowi pialadunia pialaduniau worldcup uworldcup fifa pssi timnasindonesia https t co tqrviylb
"Bukan kiamat ini jadi harus ikhlas

#PialaDuniaU20 #FIFA #SepakBolaIndonesia #TimnasIndonesia https://t.co/XjAkGY6AjK",0,kiamat ikhlas pialaduniau fifa sepakbolaindonesia timnasindonesia https t co xjakgyajk
"Kisah Cinta Pemain Terbaik Piala AFF yang Ambyar karena Restu Ortu
https://t.co/HOzK136uRx #detikforum #sepakbola #timnasthailand #PialaAFF2020 https://t.co/VWvuJE6WFY",0,kisah cinta main baik piala aff ambyar restu ortu https t co hozkurx detikforum sepakbola timnasthailand pialaaff https t co vwvujewfy
Komentar najwa sihab ketika pesepakbola dihalang-halangi israel #TimnasIndonesia https://t.co/I7yP9Mh6n2,0,komentar najwa sihab pesepakbola halang israel timnasindonesia https t co iypmhn
Komentar najwa sihab ketika pesepakbola dihalang-halangi israel #TimnasIndonesia https://t.co/RKmc17k283,0,komentar najwa sihab pesepakbola halang israel timnasindonesia https t co rkmck
Komentar najwa sihab ketika pesepakbola dihalang-halangi israel #TimnasIndonesia https://t.co/W5daV4maCC,0,komentar najwa sihab pesepakbola halang israel timnasindonesia https t co wdavmacc
"Saat ini kondisi skuad #timnasIndonesia U-20 sedang hancur karena batal berlaga di #PialaDuniaU20 2023. 

https://t.co/5esbfX9FUj",0,kondisi skuad timnasindonesia u hancur batal laga pialaduniau https t co esbfxfuj
"@politik 
Ada yang harus di kubur  tapi bukan bangkai ,oh ternyata mimpi yang baru saja mati 

#pssi2023
#timsquadgaruda 
#timnasindonesia",0,kubur bangkai oh mimpi mati pssi timsquadgaruda timnasindonesia
"Perlakuan Israel yang melanggar aturan, namun tidak pernah diberi sanksi oleh FIFA ðŸ¤”

#FIFA #pialaduniau20 #PialaDuniaU20Indonesia #sepakbola #Palestina #PSSI https://t.co/BxVzF0w5rf",0,laku israel langgar atur sanksi fifa fifa pialaduniau pialaduniauindonesia sepakbola palestina pssi https t co bxvzfwrf
"Perlakuan Israel yang melanggar aturan, namun tidak pernah diberi sanksi oleh FIFA ðŸ¤”

#FIFA #pialaduniau20 #PialaDuniaU20Indonesia #sepakbola #Palestina #PSSI https://t.co/nQKMZs7kDT",0,laku israel langgar atur sanksi fifa fifa pialaduniau pialaduniauindonesia sepakbola palestina pssi https t co nqkmzskdt
Hanya bisa melihat KELAKUAN PEJABAT #korupsi #pamerhartakekayaan #Penganiayaan #pembunuhansesamamanusia #pembatalan #PSSI,0,laku jabat korupsi pamerhartakekayaan aniaya pembunuhansesamamanusia batal pssi
"7. Lantas, apa yang dimaksud sistem bubble di dunia olahraga? Simak penjelasan lengkapnya dengan klik tautan berikut - #SistemBubble #PialaAFF2020 #JernihkanHarapan 
https://t.co/YLS0fBw0BO",0,lantas sistem bubble dunia olahraga simak jelas lengkap klik taut sistembubble pialaaff jernihkanharapan https t co ylsfbwbo
"Pelatih Malaysia Tan Cheng Hoe, memilih untuk mengundurkan diri. Keputusan tersebut diambil usai Harimau Malaya, gagal di Piala AFF 2020.

#Malaysia #HarimauMalaya #PialaAFF2020

https://t.co/N37raB0QZx",0,latih malaysia tan cheng hoe pilih undur putus ambil harimau malaya gagal piala aff malaysia harimaumalaya pialaaff https t co nrabqzx
4 Pelatih Bernasib Buruk Pasca-Piala AFF 2020 https://t.co/0J2s3KQXZd #AlexandrePolking #Malaysia #ParkHangseo #PialaAFF2020 #Singapura https://t.co/s3zcqJQCAO,0,latih nasib buruk pasca-piala aff https t co jskqxzd alexandrepolking malaysia parkhangseo pialaaff singapura https t co szcqjqcao
Pelatih Thailand Puji Kekuatan Indonesia di Piala AFF 2020: Mereka Selalu Bekerja Keras https://t.co/hNYRTzW5UI #pialaaff2020,0,latih thailand puji kuat indonesia piala aff keras https t co hnyrtzwui pialaaff
"Pelatih Thailand Takjub dengan Pemain Muda Timnas Indonesia: Mereka Punya Masa Depan Cerah- https://t.co/owhLq3v0ql
#PialaAFF2020 #TimnasIndonesia #TimnasThailand https://t.co/u7NlxtTrDO",0,latih thailand takjub main muda timnas indonesia cerah https t co owhlqvql pialaaff timnasindonesia timnasthailand https t co unlxttrdo
"Pelatih tim nasional putri Australia Tony Gustavsson mengatakan bahwa salah satu tujuan menurunkan skuad terbaik kontra Indonesia pada laga Grup B Piala Asia 2022, adalah untuk menghormati lawan.
#PialaAsia #pialaaff2020 #lampostco
https://t.co/mVVCrtFpks",0,latih tim nasional putri australia tony gustavsson salah tuju turun skuad baik kontra indonesia laga grup b piala asia hormat lawan pialaasia pialaaff lampostco https t co mvvcrtfpks
"Pelatih Timnas Indonesia U-22, Indra Sjafri memanggil 36 pemain. Arsitek asal Pesisir Selatan, Sumatera Barat itu tengah mempersiapkan untuk SEA Games 2023 Kamboja #ThePhraseID #TimnasIndonesia #SEAGames2023 #Kamboja
https://t.co/TurTbIYpWS",0,latih timnas indonesia u indra sjafri panggil main arsitek pesisir selatan sumatera barat sea games kamboja thephraseid timnasindonesia seagames kamboja https t co turtbiypws
"Leg 2 Final Piala AFF 2020, Thailand Keluar Sebagai Juara

#SeputariNewsRCTI #SeputariNews #Infografis #BukanBeritaBiasa #Thailand #Indonesia #PialaAFF2020 #AFF2020 #Juara #Final https://t.co/QXLp39pbpw",0,leg final piala aff thailand juara seputarinewsrcti seputarinews infografis bukanberitabiasa thailand indonesia pialaaff aff juara final https t co qxlppbpw
"Terlibat Match Fixing, 45 Pemain Laos Dijatuhi Hukuman Tak Boleh Main Seumur Hidup- https://t.co/DvsRaastjP
#FIFA #MatchFixing #PialaAFF2020 #TimnasLaos https://t.co/Tvd4rdG3a1",0,libat match fixing main laos jatuh hukum main umur hidup https t co dvsraastjp fifa matchfixing pialaaff timnaslaos https t co tvdrdga
"Link Live Streaming Persija Jakarta vs Persib Bandung: BRI Liga 1 2022-2023, Nonton Gratis Tinggal Klik
#persijavspersib  #BRILiga1  #TimnasIndonesia 
https://t.co/V6AArtjmG6",1,link live streaming persija jakarta vs persib bandung bri liga nonton gratis tinggal klik persijavspersib briliga timnasindonesia https t co vaartjmg
"Jangan lupa tetap dukung UMKM Indonesia, Skorer! ðŸ˜

#BreakingSkor #timnasindonesia #umkm https://t.co/mdmWOhRtIT",0,lupa dukung umkm indonesia skorer breakingskor timnasindonesia umkm https t co mdmwohrtit
"MADRID VS REAL VALLADOLID
 21.15 AM - 2 APRIL 2023 
 TIPS SINGLE BET   
PICK : OVER 3.5-4 ( FT )  
REAL MADRID - 2-2.5 ( FT )  
 REAL MADRID 4:0 REAL VALLADOLID ( FT )
 1X2 : HOME WIN
https://t.co/hmutNnOmUF
 #faktabola #PSSI #judibola #mixparlay #bolaonline #beritabolaterkini https://t.co/GjIvpJTn65",1,madrid vs real valladolid am april tips single bet pick over ft real madrid ft real madrid real valladolid ft x home win https t co hmutnnomuf faktabola pssi judibola mixparlay bolaonline beritabolaterkini https t co gjivpjtn
"ð†ð€ð‘ð”ðƒð€ ð‚ð€ð‹ð‹ðˆðð†!

Empat Pemain Borneo FC Yakni Fajar Fathur Rahman, Andy Harjito, Komang Teguh dan Taufany Mendapat Pemanggilan Timnas Untuk SEA Games 2023 di Kamboja.

Bawa Indonesia Meraih Emas!! MANYALA ðŸ‡®ðŸ‡©ðŸ”¥

#TimnasIndonesia #SEAGames2023 https://t.co/NwiRqyvarp",0,main borneo fc fajar fathur rahman andy harjito komang teguh taufany panggil timnas sea games kamboja bawa indonesia raih emas manyala timnasindonesia seagames https t co nwirqyvarp
"Pemain Naturalisasi Timnas Malaysia Dibuang Klubnya Usai Kalah dari Indonesia di Piala AFF 2020- https://t.co/rfajikJiva
#PialaAFF2020 #TimnasIndonesia #TimnasMalaysia https://t.co/IoYYSvnZg5",0,main naturalisasi timnas malaysia buang klub kalah indonesia piala aff https t co rfajikjiva pialaaff timnasindonesia timnasmalaysia https t co ioyysvnzg
"Para pemain Timnas Indonesia mengaku masih ingin berkuliah, menjadi TNI, polisi, dan lain-lain saat ditanya Presiden RI Joko Widodo.
#ThePhraseID #Jokowi #JokoWidodo #presidenjokowi #TimnasU20 #timnasindonesia #PialaDuniaU20 @jokowi @PSSI 
https://t.co/72uIu2fzR9",0,main timnas indonesia aku kuliah tni polisi lain presiden ri joko widodo thephraseid jokowi jokowidodo presidenjokowi timnasu timnasindonesia pialaduniau https t co uiufzr
"Pemain timnas U-20 Dimas Pamungkas kesel karena  Piala Dunia batal di Indonesia. 
Bakal curhat apalagi ya? Tonton  lengkapnya di Lensa Indonesia Siang, Senin (3/4) pukul 10.00 WIB.

#pialadunia #pialaduniaU20 #timnas #timnasindonesia #sepakbola #timnasU20 #tuanrumah https://t.co/i4IoOlC8UO",0,main timnas u mas pamungkas kesel piala dunia batal indonesia curhat ya tonton lengkap lensa indonesia siang senin wib pialadunia pialaduniau timnas timnasindonesia sepakbola timnasu tuanrumah https t co iioolcuo
"Entah apa maksudnya akun ini,seperti tidak menghargai para anak muda Timnas Indonesia U20.
@Bolanet @FaktaSepakbola @idextratime @GOAL_ID @Liga1Match 

Buzzer VS Pecinta Sepak Bola

#buzzer #pecintasepakbola #sepakbola #indonesia #timnas #briliga1 #suporter #timnasindonesia https://t.co/cM0b8wVmd4",0,maksud akun iniseperti harga anak muda timnas indonesia u buzzer vs cinta sepak bola buzzer pecintasepakbola sepakbola indonesia timnas briliga suporter timnasindonesia https t co cmbwvmd
Mantap harus bertransformasi memang sepakbola Indonesia ke arah yang lebih baik agar bisa berprestasi #erickthohir #pssi #jokowi #menteriterbaik #ketuapssi #erickthohirsolusirakyat #erickthohiridolague #sepakbolaindonesia #fifa https://t.co/JqgsIK6fPC,0,mantap transformasi sepakbola indonesia arah prestasi erickthohir pssi jokowi menteriterbaik ketuapssi erickthohirsolusirakyat erickthohiridolague sepakbolaindonesia fifa https t co jqgsikfpc
"Marselino Ferdinan Dimainkan, KMSK Deinze Menang Banyak https://t.co/NbNEpIcGJh #KMSKDeinze #MarselinoFerdinan #PSSI #TimnasIndonesia https://t.co/SxPaq5CdCa",0,marselino ferdinan main kmsk deinze menang https t co nbnepicgjh kmskdeinze marselinoferdinan pssi timnasindonesia https t co sxpaqcdca
"Marselino Ferdinan mendapat kepercayaan untuk main sejak menit pertama di Belgia ðŸ‘

#GarudaDiRantau #TimnasIndonesia 

https://t.co/tyOZ2IFw1F",0,marselino ferdinan percaya main menit belgia garudadirantau timnasindonesia https t co tyozifwf
Media Palestina Soroti Indonesia yang Urung Jadi Rumah PD U-20 https://t.co/w6HYAFLcKn #Fifa #PialaDunia #U20 #TimnasIndonesia,0,media palestina sorot indonesia urung rumah pd u https t co whyaflckn fifa pialadunia u timnasindonesia
MenunggguðŸ˜‚ðŸ˜‚ðŸ˜ðŸ˜#timnasindonesia https://t.co/XNoKz9P9t3,0,menungggu timnasindonesia https t co xnokzpt
"Mimpi para pemain terbaik masa depan Indonesia untuk bertanding di Piala Dunia U-20 akhirnya gagal. 

#bolaskorcom #timnasindonesia #pssi #fifa   

https://t.co/HYQsQQBiZR",0,mimpi main baik indonesia tanding piala dunia u gagal bolaskorcom timnasindonesia pssi fifa https t co hyqsqqbizr
"Masih menjadi misteri, siapa yang bisa memberikan penjelasan pasti apa alasan di balik semua ini?

Saksikan #MetroTVKontroversi episode ASA TUAN RUMAH MUSNAH SUDAH di https://t.co/5AWRphxMkC

#PialaDuniaU20 #PialaDuniaU20Batal #TimnasIndonesia #TimnasIsrael #FIFA #PSSI https://t.co/T6RSOJ3oJH",0,misteri jelas alas saksi metrotvkontroversi episode asa tuan rumah musnah https t co awrphxmkc pialaduniau pialaduniaubatal timnasindonesia timnasisrael fifa pssi https t co trsojojh
"Semoga Negosiasi @erickthohir dengan @FIFAcom berjalan Sukses 
#PSSI #PSSIINDONESIA #FIFA #FIFAWorldCupU20Indonesia
#akhlak #ForumAKHLAKIndonesia #erichtohirmenyaparelawan #akhlakbumn #akhlakers #kitaatasi #AkhlakersRelawanErickThohir #AryaKuntadi #bayuSamekto https://t.co/Y9rapAfIYN",0,moga negosiasi jalan sukses pssi pssiindonesia fifa fifaworldcupuindonesia akhlak forumakhlakindonesia erichtohirmenyaparelawan akhlakbumn akhlakers kitaatasi akhlakersrelawanerickthohir aryakuntadi bayusamekto https t co yrapafiyn
Semoga PSSI dan FIFA bisa bekerjasama untuk transformasi sepakbola Indonesia kedepannya #erickthohir #pssi #fifa #jokowi #ketuapssi #sepakbolaindonesia #erickthohirsolusirakyat #ketuapssi https://t.co/KQhSuCgR6s,0,moga pssi fifa bekerjasama transformasi sepakbola indonesia depan erickthohir pssi fifa jokowi ketuapssi sepakbolaindonesia erickthohirsolusirakyat ketuapssi https t co kqhsucgrs
Semoga sepakbola Indonesia bisa bertransformasi lebih baik ke depannya #erickthohir #pssi #jokowi #fifa #erickthohirsolusirakyat #erickthohiridolague #sepakbolaindonesia https://t.co/TAyB3rSKir,0,moga sepakbola indonesia transformasi depan erickthohir pssi jokowi fifa erickthohirsolusirakyat erickthohiridolague sepakbolaindonesia https t co taybrskir
"Moh Salah mendukung tindakan Indonesia

#PialaDuniaU20 #StandarGanda #FIFA #PSSI #U20 #SepakBolaIndonesia #TimnasIndonesia #KecamFIFA https://t.co/YiyJAJLgGc",0,moh salah dukung tindak indonesia pialaduniau standarganda fifa pssi u sepakbolaindonesia timnasindonesia kecamfifa https t co yiyjajlggc
"ð—›ð—œð—šð—›ð—Ÿð—œð—šð—›ð—§ð—¦ ð—œ ð—•ð—”ð—¥ð—–ð—” ðŸ® - ðŸ® ð— ð—”ð—¡ð—–ð—›ð—˜ð—¦ð—§ð—˜ð—¥ ð—¨ð—¡ð—œð—§ð—˜ð—— ð—œ ð—¨ð—˜ð—™ð—” ð—˜ð˜‚ð—¿ð—¼ð—½ð—® ð—Ÿð—²ð—®ð—´ð˜‚ð—² ðŸ”¥âš½

more info : â˜ž https://t.co/b79oClqfld

#timnas #persija #timnasindonesia #persib #supporterindonesia #fyp
ððžð­ð¢ð¤ðœð¨ð¦, ð…ðšð¤ð­ðšðð¨ð¥ðš, ð‹ðˆðð”ð“ð€ð https://t.co/BkoYVoOYZD",0,more info https t co boclqfld timnas persija timnasindonesia persib supporterindonesia fyp https t co bkoyvooyzd
"ð—ð—®ð˜ƒð—¶ð—²ð—¿ ð—­ð—®ð—»ð—²ð˜ð˜ð—¶ ð˜ƒ ð—Ÿð—®ð˜‡ð—¶ð—¼, ðŸ­ðŸµðŸµðŸ´_ ðŸ²ðŸ¬ ð—šð—¼ð—¹ ð—Ÿð˜‚ð—®ð—¿ ð—•ð—¶ð—®ð˜€ð—® ð—¨ð—˜ð—™ð—”

more info : https://t.co/CxvmmXFPgM

#timnas #persija #timnasindonesia #persib #supporterindonesia #fyp
ððžð­ð¢ð¤ðœð¨ð¦, ð…ðšð¤ð­ðšðð¨ð¥ðš, ð‹ðˆðð”ð“ð€ððŸ”, ð¤ð®ð¦ð©ðšð«ðšð§ https://t.co/XvChkpH7fn",0,more info https t co cxvmmxfpgm timnas persija timnasindonesia persib supporterindonesia fyp https t co xvchkphfn
"ð—žð—˜ð—”ð—ð—”ð—œð—•ð—”ð—¡â— _ ð—šð—¼ð—¹ ð—§ð—²ð—¿ð—¯ð—®ð—¶ð—¸ ð—£ð—¿ð—²ð—ºð—¶ð—²ð—¿ ð—Ÿð—²ð—®ð—´ð˜‚ð—² _ ð—ð—®ð—»ð˜‚ð—®ð—¿ð—¶ ð—½ð—®ð—¿ð˜ðŸ¯

more info : https://t.co/CxvmmXGn6k

#timnas #persija #timnasindonesia #persib #supporterindonesia #fyp
ðˆð§ðð¨ð¬ð¢ðšð«ð’ð©ð¨ð«ð­ð¬, ð‘ð‚ð“ðˆ+, ðð„ð‘ð’ðˆð, ððžð«ð¬ð¢ð£ðš https://t.co/nx2LPjoJz8",0,more info https t co cxvmmxgnk timnas persija timnasindonesia persib supporterindonesia fyp https t co nxlpjojz
"ð—¸ð—²ð—´ð—®ð—´ð—®ð—¹ð—®ð—» ð—±ð—®ð—¹ð—®ð—º ð˜€ð—®ð˜ð˜‚ ð˜ð—¿ð—¶ð—¹ð—¶ð˜‚ð—» ðŸ˜¬

more info : https://t.co/TLoZ011eMd

#timnas #persija #timnasindonesia #persib #supporterindonesia #fyp
ðˆð§ðð¨ð¬ð¢ðšð«ð’ð©ð¨ð«ð­ð¬, ð‘ð‚ð“ðˆ+, ðð„ð‘ð’ðˆð, ððžð«ð¬ð¢ð£ðš ð‰ðšð¤ðšð«ð­ðš, ððžð­ð¢ð¤ðœð¨ð¦ https://t.co/zV9fmpPkFR",0,more info https t co tlozemd timnas persija timnasindonesia persib supporterindonesia fyp https t co zvfmppkfr
"ð—¸ð—²ð—´ð—®ð—´ð—®ð—¹ð—®ð—» ð—®ð—¸ð—¶ð—¯ð—®ð˜ ð˜€ð—®ð—¹ð—®ð—µ ð—µð—¶ð˜ð˜‚ð—»ð—´ ðŸ˜¬

more info : https://t.co/TLoZ011MBL

#timnas #persija #timnasindonesia #persib #supporterindonesia #fyp
ððžð«ð¬ð¢ð£ðš ð‰ðšð¤ðšð«ð­ðš, ððžð­ð¢ð¤ðœð¨ð¦, ð…ðšð¤ð­ðšðð¨ð¥ðš, ð‹ðˆðð”ð“ð€ððŸ”, ð•ð¢ðð¢ð¨, ð¤ð®ð¦ð©ðšð«ðšð§ https://t.co/Mpk5AhCOfg",0,more info https t co tlozmbl timnas persija timnasindonesia persib supporterindonesia fyp https t co mpkahcofg
"Saatnya Move On ..
Dan menatap sepakbola Indonesia kedepan 

#PialaDuniaU20Batal #PenolakanTimnasIsrael #ErickThohir #PSSI #FIFA https://t.co/HxjtE1Dcxv",0,move on tatap sepakbola indonesia depan pialaduniaubatal penolakantimnasisrael erickthohir pssi fifa https t co hxjtedcxv
Mudah2an apa yang gue pikirin tentang latar belakang pembatalan Pildun U-20 itu salah. Krn jika benar makaâ€¦ f*ck politician!! #FIFA #PSSI #PialaDuniaU20,0,mudah gue pikirin latar batal pildun u salah krn maka f ck politician fifa pssi pialaduniau
"RT muhammadiyah ""Abdul Muâ€™ti: This Nation Should Remain to Unite and PSSI Should Reform after FIFA Strips Indonesia as Host of the U-20 World Cup

https://t.co/4ofShCM8S5

#Muhammadiyah #FIFA #U20worldcup #PSSI""",0,muhammadiyah abdul mu ti this nation should remain to unite and pssi should reform after fifa strips indonesia as host of the u world cup https t co ofshcms muhammadiyah fifa uworldcup pssi
"Nadeo Unggah Video Penyelamatan Selama Piala AFF, Foto Wanita Cantik Ini Bikin Fans Terdiam https://t.co/BT6hKcjq3J #NadeoArgawinata #PialaAff2020",0,nadeo unggah video selamat piala aff foto wanita cantik bikin fans diam https t co bthkcjqj nadeoargawinata pialaaff
"Bagaimana nasib Timnas Indonesia selanjutnya? Masih adakah harapan bagi mereka?

Saksikan #MetroTVKontroversi episode ASA TUAN RUMAH MUSNAH SUDAH di https://t.co/5AWRphxMkC

#PialaDuniaU20 #PialaDuniaU20Batal #TimnasIndonesia #TimnasIsrael #FIFA #PSSI https://t.co/yNz0YBsf1G",0,nasib timnas indonesia ada harap saksi metrotvkontroversi episode asa tuan rumah musnah https t co awrphxmkc pialaduniau pialaduniaubatal timnasindonesia timnasisrael fifa pssi https t co ynzybsfg
"Natizen Beri Semangat Ke @erickthohir , Bahkan @gibran_tweet akan Selalu berada dibelakang @erickthohir , dan juga Publik Pun turut memberi Apresiasi
 
#PSSI #PSSIINDONESIA #FIFA #FIFAWorldCupU20Indonesia
#akhlak #ForumAKHLAKIndonesia #erichtohirmenyaparelawan #akhlakbumn https://t.co/FzJlbAdChN",0,natizen semangat belakang publik apresiasi pssi pssiindonesia fifa fifaworldcupuindonesia akhlak forumakhlakindonesia erichtohirmenyaparelawan akhlakbumn https t co fzjlbadchn
"Berikut 3 negara yang berganti pelatih usai dihajar Timnas Indonesia asuhan Shin Tae-yong di Piala AFF 2020
#shintaeyong #pialaaff2020 
https://t.co/NeJ6zSo4CU",0,negara ganti latih hajar timnas indonesia asuh shin tae-yong piala aff shintaeyong pialaaff https t co nejzsocu
"Ternyata Negara Indonesia ini juga Rasis terhadap Agama,

Masa Olahraga di kaitkan dengan Politik dan Agama,

#Israel #timnasu20 #sport #PSSI #FIFA",0,negara indonesia ras agama olahraga kait politik agama israel timnasu sport pssi fifa
"Dari 5ï¸âƒ£ - 1ï¸âƒ£0ï¸âƒ£, berapa nilai yang akan kamu beri untuk Pratama Arhan di #PialaAFF2020? 

â­ï¸â­ï¸â­ï¸â­ï¸â­ï¸ 

#NXGN #Indonesia",0,nilai pratama arhan pialaaff nxgn indonesia
"No Drama, kita masih menjadi terhormat

#PialaDuniaU20 #StandarGanda #FIFA #PSSI #U20 #SepakBolaIndonesia #TimnasIndonesia #KecamFIFA https://t.co/TEFpaGtHc8",2,no drama hormat pialaduniau standarganda fifa pssi u sepakbolaindonesia timnasindonesia kecamfifa https t co tefpagthc
"Dinobatkan sebagai Tim yang Paling Menjunjung Sportivitas, Ini Pujian Pelatih Thailand ke Skuat Garuda https://t.co/om2cb9Ygat #headline #PelatihThailand #PialaAff2020 #TimnasIndonesia",0,nobat tim junjung sportivitas puji latih thailand skuat garuda https t co omcbygat headline pelatihthailand pialaaff timnasindonesia
"PERNYATAAN JOKOWI Soal Tolak Timnas Israel Di Piala Dunia U-20 Dari Ganjar - Koster Indonesia Gagal

Berita Timnas Hari Ini
Kabar Timnas Hari Ini Terbaru

TIMNAS GARUDA OFC
JANGAN LUPA SUBCRIBE 

#KitaGaruda
#TimnasIndonesia
#TimnasU20
#PialaDuniaU20

https://t.co/2j8cX7XrMn",0,nyata jokowi tolak timnas israel piala dunia u ganjar koster indonesia gagal berita timnas kabar timnas baru timnas garuda ofc lupa subcribe kitagaruda timnasindonesia timnasu pialaduniau https t co jcxxrmn
"One day!
#worldcup #indonesia #PSSI #Sepakbola #pialaduniau20 #pialadunia #midjorneyai #midjourneyartwork #midjourney5 https://t.co/dQJG5igpF9",0,one day worldcup indonesia pssi sepakbola pialaduniau pialadunia midjorneyai midjourneyartwork midjourney https t co dqjgigpf
"ð—šð—¼ð—¹ ð—§ð—²ð—¿ð—®ð˜ð—®ð˜€ ð—§ð˜‚ð—¿ð—¶ð—» ð——ð—²ð—¿ð—¯ð˜† _ ð—§ð—¿ð—²ð˜‡ð—²ð—´ð˜‚ð—²ð˜, ð—£ð—¶ð—¿ð—¹ð—¼, ð—Ÿð—¼ð—°ð—®ð˜ð—²ð—¹ð—¹ð—¶ part2

more info : â˜ž https://t.co/5o6M5KsNZj

#timnas #persija #timnasindonesia #persib #supporterindonesia #fyp
ð—½ð—®ð—´ð—¶, ð˜€ð—¼ð—¿ð—², ð—ºð—®ð—¹ð—®ð—º, ð—¿ð—²ð˜€ð—½ð—²ð—°ð˜, ðˆð§ðð¨ð¬ð¢ðšð« https://t.co/0jatC4yOav",0,part more info https t co omksnzj timnas persija timnasindonesia persib supporterindonesia fyp https t co jatcyoav
"ð—šð—¼ð—¹ ð—§ð—²ð—¿ð—®ð˜ð—®ð˜€ ð—§ð˜‚ð—¿ð—¶ð—» ð——ð—²ð—¿ð—¯ð˜† _ ð—§ð—¿ð—²ð˜‡ð—²ð—´ð˜‚ð—²ð˜, ð—£ð—¶ð—¿ð—¹ð—¼, ð—Ÿð—¼ð—°ð—®ð˜ð—²ð—¹ð—¹ð—¶ part1

more info : â˜ž https://t.co/5o6M5KsNZj

#timnas #persija #timnasindonesia #persib #supporterindonesia #fyp
ð—½ð—®ð—´ð—¶, ð˜€ð—¼ð—¿ð—², ð—ºð—®ð—¹ð—®ð—º, ð—¿ð—²ð˜€ð—½ð—²ð—°ð˜, ðˆð§ðð¨ð¬ð¢ðšð« https://t.co/9N9qGB2Qml",0,part more info https t co omksnzj timnas persija timnasindonesia persib supporterindonesia fyp https t co nqgbqml
"Partai politik, wajar mempunyai sikap politik.

#FIFA #pialaduniau20 #PialaDuniaU20Indonesia #sepakbola #Palestina #PSSI https://t.co/UICWaP254z",0,partai politik wajar sikap politik fifa pialaduniau pialaduniauindonesia sepakbola palestina pssi https t co uicwapz
"Pautan Siaran Langsung Persija Jakarta vs Persib Bandung: Liga BRI 1 2022-2023, Tonton Percuma dengan Satu Klik
#persijavspersib  #BRILiga1  #TimnasIndonesia 
https://t.co/V6AArtjmG6",0,paut siar langsung persija jakarta vs persib bandung liga bri tonton klik persijavspersib briliga timnasindonesia https t co vaartjmg
"Persija Jakarta vs Persib Bandung Enlace de transmisiÃ³n en vivo: BRI League 1 2022-2023, vea gratis con un clic
#persijavspersib  #BRILiga1  #TimnasIndonesia 
https://t.co/V6AArtjmG6",1,persija jakarta vs persib bandung enlace de transmisi n en vivo bri league vea gratis con un clic persijavspersib briliga timnasindonesia https t co vaartjmg
"Persija Jakarta vs Persib Bandung Live Streaming Link: BRI League 1 2022-2023, Watch Free with a Click
#persijavspersib  #BRILiga1  #TimnasIndonesia 
https://t.co/V6AArtjmG6",1,persija jakarta vs persib bandung live streaming link bri league watch free with a click persijavspersib briliga timnasindonesia https t co vaartjmg
"Persija Jakarta x Persib Bandung Live Streaming Link: BRI League 1 2022-2023, assista grÃ¡tis com um clique
#persijavspersib  #BRILiga1  #TimnasIndonesia 
https://t.co/V6AArtjmG6",0,persija jakarta x persib bandung live streaming link bri league assista gr tis com um clique persijavspersib briliga timnasindonesia https t co vaartjmg
Pesan Coach Seto kepada Pemain Muda yang Gagal Tampil di Piala Dunia U-20 #TimnasIndonesia https://t.co/mu5XqUN0D6,0,pesan coach seto main muda gagal tampil piala dunia u timnasindonesia https t co muxqund
"Pesepakbola Senior saja dukung Indonesia

#PialaDuniaU20 #StandarGanda #FIFA #PSSI #U20 #SepakBolaIndonesia #TimnasIndonesia #KecamFIFA https://t.co/6G1dSSwtCI",0,pesepakbola senior dukung indonesia pialaduniau standarganda fifa pssi u sepakbolaindonesia timnasindonesia kecamfifa https t co gdsswtci
"PIALA ASIA PIALA ASIA.
YANG SAYA HARAP SIH.SEMOGA AJA BAPAK-BAPAK IBU-IBU TERHORMAT
GAK SPEKULASI LAGI TENTANG INDONESIA YANG BAKAL BERHADAPAN DENGAN TIM-TIM KUAT. 
HAHAHAHAHðŸ˜­ðŸ¤£ðŸ˜­ðŸ¤£
#PSSI #pemerintah #IndonesiaMaju https://t.co/Cm3aNiaCwx",0,piala asia piala asia harap sih moga aja bapak ibu hormat gak spekulasi indonesia hadap tim kuat hahahahah pssi perintah indonesiamaju https t co cmaniacwx
"Piala Dunia U-20 Batal di Indonesia, Luis Milla Berusaha Jaga Motivasi 3 Pemain Timnas U-20.

#bolaskorcom #luismilla #persib #timnasindonesia   

https://t.co/HdgJAqnHPG",0,piala dunia u batal indonesia luis milla usaha jaga motivasi main timnas u bolaskorcom luismilla persib timnasindonesia https t co hdgjaqnhpg
"Piala Dunia U-20 Dicoret FIFA dari Indonesia, Inikah Alasan Sebenarnya? 

#PialaDuniaU20 #PialaDuniaBatalKarnaIni #pialaduniau20indonesia #pialadunia #Indonesia #TimnasU20 #FIFA #ErickTohir #PSSI 
https://t.co/bAysuKFQ8j",0,piala dunia u coret fifa indonesia alas pialaduniau pialaduniabatalkarnaini pialaduniauindonesia pialadunia indonesia timnasu fifa ericktohir pssi https t co baysukfqj
"Piala Dunia U-20 di Indonesia Batal, Jokowi Perintahkan PSSI Siapkan Blueprint dan Jaga Komunikasi dengan FIFA 
#Jokowi #FIFA #pialaduniau20 #pialadunia #timnasu20 #PSSI 

https://t.co/17VYzrrE72",0,piala dunia u indonesia batal jokowi perintah pssi siap blueprint jaga komunikasi fifa jokowi fifa pialaduniau pialadunia timnasu pssi https t co vyzrre
"#pialaaff2020 ðŸ˜ƒ @ Cibuluh,,situ Cileunca https://t.co/zHrPVKhDl8",0,pialaaff cibuluhsitu cileunca https t co zhrpvkhdl
"Ù‚ÙŠÙ… Ù…Ø§Ù†Ùˆ Ø£Ù† Ø¥Ù†Ø¯ÙˆÙ†ÙŠØ³ÙŠØ§ Ù„Ø¯ÙŠÙ‡Ø§ Ù…Ø³ØªÙ‚Ø¨Ù„ Ù…Ø´Ø±Ù‚ ÙÙŠ Ø§Ù„Ø¢Ø³ÙŠØ§Ù† ÙˆÙƒØ±Ø© Ø§Ù„Ù‚Ø¯Ù… Ø§Ù„Ø¢Ø³ÙŠÙˆÙŠØ©.

 #PialaAFF2020

 https://t.co/scDH14a5rm",0,pialaaff https t co scdharm
"#PialaAFF2020 #TimnasIndonesia 

Shin Tae-yong menilai pencapaian timnas Indonesia di Piala AFF 2020 sudah luar biasa

https://t.co/TVHNhi4sTC",0,pialaaff timnasindonesia shin tae-yong nilai capai timnas indonesia piala aff https t co tvhnhistc
"#PialaDuniaU20
#FIFA
#SepakBolaIndonesia
#TimnasIndonesia https://t.co/sqNPxTnbXU",0,pialaduniau fifa sepakbolaindonesia timnasindonesia https t co sqnpxtnbxu
"#PialaDuniaU20
#FIFA
#SepakBolaIndonesia
#TimnasIndonesia https://t.co/0XfeeJ01jb",0,pialaduniau fifa sepakbolaindonesia timnasindonesia https t co xfeejjb
#PialaDuniaU20 #SepakbolaIndonesia #PSSI #PartaiDemokrat #AHY #DemokratS14P #EBY #DemokratKabupatenBekasi #HajiRomliHM #KabupatenBekasi #Bekasi #jawabarat #SwatantraWibawaMukti https://t.co/NAs82kHwB1,0,pialaduniau sepakbolaindonesia pssi partaidemokrat ahy demokratsp eby demokratkabupatenbekasi hajiromlihm kabupatenbekasi bekas jawabarat swatantrawibawamukti https t co naskhwb
"#PialaDuniaU20
#StandarGanda
#FIFA
#PSSI
#U20
#SepakBolaIndonesia
#TimnasIndonesia
#KecamFIFA https://t.co/o3rBLP3OzS",0,pialaduniau standarganda fifa pssi u sepakbolaindonesia timnasindonesia kecamfifa https t co orblpozs
"Pilu! Timnas U-20 Resmi Dibubarkan, Ini Pesan Menyentuh Presiden Jokowi......
#TimnasU20 
#Jokowi 
#PSSI 
#FIFA 
#pialaduniau20indonesia 

https://t.co/dKPx5kZTIU",0,pilu timnas u resmi bubar pesan sentuh presiden jokowi timnasu jokowi pssi fifa pialaduniauindonesia https t co dkpxkztiu
"Prabowo Bertekad pada suatu hari Indonesia akan masuk Piala Dunia
dengan cara mempersiapkan bibit bibit muda hal ini sudah dilakukan Prabowo pada tahun 2022
#timnasIndonesia
#timnasU20
#mendingprabowo
#prabowosubianto
#gerindra
#gerindrajateng
#gerindrajawatengah
#gerindrasragen https://t.co/zvXRgFT7MT",0,prabowo tekad indonesia masuk piala dunia bibit bibit muda prabowo timnasindonesia timnasu mendingprabowo prabowosubianto gerindra gerindrajateng gerindrajawatengah gerindrasragen https t co zvxrgftmt
Pratama Arhan Dapatkan Beasiswa S1 dan S2 Setelah Tampil Gemilang di Piala AFF 2020 https://t.co/515D2SRBBR #BeasiswaS1 #PialaAFF2020 #PialaAFFU23 #PratamaArhan #ShinTaeyong https://t.co/pWrRRGCcnf,0,pratama arhan dapat beasiswa s s tampil gemilang piala aff https t co dsrbbr beasiswas pialaaff pialaaffu pratamaarhan shintaeyong https t co pwrrrgccnf
"Pratama Arhan Terpilih Pemain Muda Terbaik Piala AFF 2020

#SeputariNewsRCTI #SeputariNews #Infografis #PratamaArhan #ShinTaeyong #Indonesia #GarudaMuda #TimnasGaruda #SepakBola #PialaAFF2020 #SuzukiAFF2020 #Indonesia #PemainMudaTerbaik #PemainTerbaik https://t.co/6w746uYzB3",0,pratama arhan pilih main muda baik piala aff seputarinewsrcti seputarinews infografis pratamaarhan shintaeyong indonesia garudamuda timnasgaruda sepakbola pialaaff suzukiaff indonesia pemainmudaterbaik pemainterbaik https t co wuyzb
"Pratama Arhan resmi gabung Tokyo Verdy yang merupakan klub kasta kedua sepakbola Jepang. Hal itu diumumkan di Instagram resmi klub, Tokyo Verdy.

Selengkapnya,
https://t.co/trvBVHBkU7

#GTVNews #PratamaArhan #TokyoVerdy #Sepakbola #PSISSemarang #Semarang  #PialaAFF2020 #Jepang https://t.co/94MSWIflTW",0,pratama arhan resmi gabung tokyo verdy klub kasta sepakbola jepang umum instagram resmi klub tokyo verdy lengkap https t co trvbvhbku gtvnews pratamaarhan tokyoverdy sepakbola psissemarang semarang pialaaff jepang https t co mswifltw
"Presiden AFF, Mayor Jenderal Khiev Sameth mengungkapkan, pihaknya punya komitmen yang kuat untuk sepakbola Asia Tenggara. Oleh karena itu, ia merasa senang dengan kesuksesan penyelenggaraan Piala AFF 2020.

#PialaAFF2020 #AFFSuzukiCup

https://t.co/23zZA21bGX",0,presiden aff mayor jenderal khiev sameth komitmen kuat sepakbola asia tenggara senang sukses selenggara piala aff pialaaff affsuzukicup https t co zzabgx
Presiden Joko Widodo memberikan semangat kepada Timnas Indonesia U-20. Pria asal Solo itu mengatakan bahwa jalan Garuda Nusantara masih sangat panjang #ThePhraseID #TimnasU20 #TimnasIndonesia #JokoWidodo  https://t.co/mKz0nuRvpk,0,presiden joko widodo semangat timnas indonesia u pria solo jalan garuda nusantara thephraseid timnasu timnasindonesia jokowidodo https t co mkznurvpk
"Presiden Jokowi tidak ingin sepak bola Indonesia dijatuhi sanksi.

#bolaskorcom #jokowi #timnasindonesia #pssi   

https://t.co/4cIzxmAPEg",0,presiden jokowi sepak bola indonesia jatuh sanksi bolaskorcom jokowi timnasindonesia pssi https t co cizxmapeg
"Presiden Jokowi menemui para pemain Timnas Indonesia U-20 dan Timnas U-22 di Stadion Utama Gelora Bung Karno untuk memberikan motivasi setelah batal tampil di Piala Dunia U-20 2023. GIN

https://t.co/9dDuWgQ5cG

#RCTI #Jokowi #TimnasU20 #SEAGames2023 #PialaDuniaU20 #PSSI # https://t.co/okgJp6iXry",0,presiden jokowi temu main timnas indonesia u timnas u stadion utama gelora karno motivasi batal tampil piala dunia u gin https t co dduwgqcg rcti jokowi timnasu seagames pialaduniau pssi https t co okgjpixry
"Presiden Jokowi menemui pemain Timnas Indonesia U-20 dan U-22 di Stadion Utama Gelora Bung Karno. Jokowi tampak menyalami sejumlah pemain timnas dan berbincang dengan Coach STY. 

Saat ini sedang dilakukan jumpa pers terkait kunjungan ini.  

#BreakingSkor #TimnasIndonesia https://t.co/UEEtXY2L9C",0,presiden jokowi temu main timnas indonesia u u stadion utama gelora karno jokowi salam main timnas bincang coach sty jumpa pers kait kunjung breakingskor timnasindonesia https t co ueetxylc
"Presiden Jokowi Akan Mengundang Timnas Indonesia U-20 ke Istana 
#pialaduniau20 #PialaDuniaBatalKarnaIni #PialaDuniaU20Indonesia #pssi #JokoWidodo #jokowi #TimnasU20 #TimnasIndonesia 
Kanjuruhan - Piala Dunia U-20 - FIFA - Joko Widodo
https://t.co/Lq82EiQXQW",0,presiden jokowi undang timnas indonesia u istana pialaduniau pialaduniabatalkarnaini pialaduniauindonesia pssi jokowidodo jokowi timnasu timnasindonesia kanjuruhan piala dunia u fifa joko widodo https t co lqeiqxqw
"Presiden @jokowi  Dan Pak @erickthohir Memberi Nasahat Pencerahan dan Semangat ke Timnas U-20
#PSSI #PSSIINDONESIA #FIFA #FIFAWorldCupU20Indonesia
#akhlak #ForumAKHLAKIndonesia #erichtohirmenyaparelawan #akhlakbumn #akhlakers #kitaatasi https://t.co/RbNkfOBcrE",0,presiden nasahat cerah semangat timnas u pssi pssiindonesia fifa fifaworldcupuindonesia akhlak forumakhlakindonesia erichtohirmenyaparelawan akhlakbumn akhlakers kitaatasi https t co rbnkfobcre
"Presiden RI Joko Widodo (Jokowi), tetap mengapresiasi perjuangan timnas Indonesia di Piala AFF 2020. Meski, dalam ajang tersebut skuad Garuda gagal menjadi juara.

#Jokowi #Indonesia #PialaAFF2020

https://t.co/ZSg4sIS5ZB",0,presiden ri joko widodo jokowi apresiasi juang timnas indonesia piala aff ajang skuad garuda gagal juara jokowi indonesia pialaaff https t co zsgsiszb
#PresidenJokowi #TImnasIndonesia #TimnasU20 #PialaDuniaU20 #Pelatih #ShinTaeYong #Infografis #MNCTV #LintasiNews,0,presidenjokowi timnasindonesia timnasu pialaduniau latih shintaeyong infografis mnctv lintasinews
"#PSSI 
#FIFA23 
#detik.com
#viva https://t.co/XhyLZ8znuq",0,pssi fifa detik com viva https t co xhylzznuq
#pssi #FIFA23 #FIFA #u-20 https://t.co/9pdzPYquzX,0,pssi fifa fifa u https t co pdzpyquzx
"PSSI King Drama

Jika sanggup, maka tidak ada persoalan dari FIFA yang penting stadion dan sarana penunjangnya tersedia. Indonesia juga harus menjamin keamanan para peserta dan penonton.

di sindir tuh sama Pelatih Timnas Jepang PSSI ""kebanyakan drama"" #FIFA23 #FIFA #PSSI #U20 https://t.co/yYjdxpAFnx",0,pssi king drama sanggup fifa stadion sarana tunjang sedia indonesia jamin aman serta tonton sindir tuh latih timnas jepang pssi banyak drama fifa fifa pssi u https t co yyjdxpafnx
"PSSI merilis 28 pemain tim nasional U-19 yang akan berlaga di Piala AFF U-19 2022, yang di dalamnya termasuk Ronaldo Joybera Kwateh dan gelandang timnas senior Marselino Ferdinan.

 #PialaAFF2020 #timnasU19

https://t.co/wLgL84Q7uA https://t.co/0hIwjZ1dAE",0,pssi rilis main tim nasional u laga piala aff u dalam ronaldo joybera kwateh gelandang timnas senior marselino ferdinan pialaaff timnasu https t co wlglqua https t co hiwjzdae
"PSSI atau Persatuan Sepak Bola Seluruh Indonesia adalah badan pengatur sepak bola di Indonesia. Organisasi ini didirikan pada 19 April 1930 dan telah memainkan peran penting dalam perkembangan sepak bola di Indonesia.

#pssi
#fifa https://t.co/uAz7PNCefr",0,pssi satu sepak bola indonesia badan atur sepak bola indonesia organisasi diri april main peran kembang sepak bola indonesia pssi fifa https t co uazpncefr
"PSSI Talangi Hadiah Uang dari Piala AFF 2020

Baca Selengkapnya Disini!
https://t.co/3NEQNLW1Gf

#mataindonesia #pssi #infobola #beritabola #pialaaff2020",0,pssi talang hadiah uang piala aff baca lengkap https t co neqnlwgf mataindonesia pssi infobola beritabola pialaaff
"PSSI Usahakan Egy Maulana dan Elkan Baggott Main di AFF U-23 2022

#iNews #IniBaruBerita #AFF2020 #TimnasIndonesia #SkuadGaruda #PialaAFF2020 #EgyMaulana https://t.co/QrR7WmbPvA",0,pssi usaha egy maulana elkan baggott main aff u inews inibaruberita aff timnasindonesia skuadgaruda pialaaff egymaulana https t co qrrwmbpva
"Published on YouTube: INDONESIA BATAL JADI TUAN RUMAH PIALA DUNIA U 20, ANIES MALAH SUJUD SYUKUR | #aniesbaswedan #pssi https://t.co/iPPHtDy0UZ",0,published on youtube indonesia batal tuan rumah piala dunia u anies sujud syukur aniesbaswedan pssi https t co ipphtdyuz
"Keputusan untuk melakukan rotasi diambil pelatih asal Korea Selatan itu karena jadwal pertandingan di Piala AFF 2022 yang cukup padat.  PAA

Selengkapnya https://t.co/c53aREHlt6

#PialaAFF2020 #AFFCup2022 #BruneiDarussalam #Indonesia #Malaysia #SeputariNewsRCTI https://t.co/CZxBs9hLbr",0,putus rotasi ambil latih korea selatan jadwal tanding piala aff padat paa lengkap https t co carehlt pialaaff affcup bruneidarussalam indonesia malaysia seputarinewsrcti https t co czxbshlbr
"Rekam jejak kiper Bali United di Piala AFF 2020 mentereng, Nadeo Argawinata langsung diguyur bonus Wah  #PialaAFF2020 https://t.co/1aV5CvIl4s",1,rekam jejak kiper bal united piala aff mentereng nadeo argawinata langsung guyur bonus pialaaff https t co avcvils
"Berikut result pasaran China ( CN ) Hari ini adalah
Result  :  2402
Shio     :   Harimau
Kami ucapkan selamat kepada para pemenang yang beruntung  

#wigobet #TogelChina #PSSI",0,result pasar china cn result shio harimau ucap selamat menang untung wigobet togelchina pssi
"Berikut 5 revolusi yang dilakukan Shin Tae-yong di Timnas Indonesia selama Piala AFF 2020.
#AFFSuzukiCup2020 #PialaAFF2020 #TimnasIndonesia #KitaGaruda
https://t.co/I7fwRe8uT4",0,revolusi shin tae-yong timnas indonesia piala aff affsuzukicup pialaaff timnasindonesia kitagaruda https t co ifwreut
"Ricky Kambuaya buka suara soal peluang masin di luar negeri usai Piala AFF 2020.
#AFFSuzukiCup2020 #PialaAFF2020 #TimnasIndonesia #KitaGaruda
https://t.co/mmWN9pvjVf",0,ricky kambuaya buka suara peluang masin negeri piala aff affsuzukicup pialaaff timnasindonesia kitagaruda https t co mmwnpvjvf
"Ricky Kambuaya, Man of the Match #PialaAFF2020 &gt;&gt; https://t.co/0vc4o0Q0eQ https://t.co/BNUyQBgyZ7",0,ricky kambuaya man of the match pialaaff https t co vcoqeq https t co bnuyqbgyz
"Begitu banyak kerugian yang harus ditanggung. Tapi apakah yang merusak ini semua mau tanggung jawab????

#timnas #timnasu20 #fifa #pssi #pialaduniau20 #u20 #erickthohir #pildun #sepakbola https://t.co/tzSYudzrCs",0,rugi tanggung rusak tanggung timnas timnasu fifa pssi pialaduniau u erickthohir pildun sepakbola https t co tzsyudzrcs
"Yang sabar jangan gaduh

#PialaDuniaU20 #FIFA #SepakBolaIndonesia #TimnasIndonesia https://t.co/KsgMy9XaWw",0,sabar gaduh pialaduniau fifa sepakbolaindonesia timnasindonesia https t co ksgmyxaww
"Jadi siapa yang salah nih? Masih bisakah kita mempercayai pemerintah? Hmmm

Saksikan #MetroTVKontroversi episode ASA TUAN RUMAH MUSNAH SUDAH di https://t.co/5AWRphxMkC

#PialaDuniaU20 #PialaDuniaU20Batal #TimnasIndonesia #TimnasIsrael #FIFA #PSSI https://t.co/ytzh2rsIcF",0,salah nih percaya perintah hmmm saksi metrotvkontroversi episode asa tuan rumah musnah https t co awrphxmkc pialaduniau pialaduniaubatal timnasindonesia timnasisrael fifa pssi https t co ytzhrsicf
"Menanti Sanksi dari FIFA, Erick Thohir Paparkan Kemungkinan Terberat bagi Sepakbola Indonesia https://t.co/hqlWP8A5BS #FIFA #PialaDuniaU-20 #PSSI #TimnasIndonesia",0,sanksi fifa erick thohir papar berat sepakbola indonesia https t co hqlwpabs fifa pialaduniau pssi timnasindonesia
"SEA Games 2021: Indonesia Vs Thailand, Ulangan Final Piala AFF 2020

Baca selengkapnya disini
https://t.co/UWvHnJ37LH

#MataIndonesia #seagames #timnasIndonesia #Thailand #pialaAFF2020",0,sea games indonesia vs thailand ulang final piala aff baca lengkap https t co uwvhnjlh mataindonesia seagames timnasindonesia thailand pialaaff
"Memang sedih sih .. 
Semoga kedepannya akan ada #TransformasiPSSI seperti yang dilakukan Pak #ErickThohir di #BUMN 

Maju Terus Persepakbolaan Indonesia

#RoemahKemenanganET #FIFA #PialaDuniaU20 #TimnasIndonesia #KerjaSatsET #SepakbolaIndonesia https://t.co/4M2epfqTXP",0,sedih sih moga depan transformasipssi erickthohir bumn maju persepakbolaan indonesia roemahkemenanganet fifa pialaduniau timnasindonesia kerjasatset sepakbolaindonesia https t co mepfqtxp
"@hokkycaraka_ Sedikitpun gak salah dg statement para pemain U20, hak kalian mengekspresikan kekecewaan. Sepak bola kita terlalu banyak drama oleh para politisi yg memanfaatkan #pssi utk mereka sendiri",1,sedikit gak salah dg statement main u hak ekspresi kecewa sepak bola drama politis yg manfaat pssi utk
"Sejarah Duka Sepakbola Indonesia 2023, Gagal Tuan Rumah Piala Dunia U20 ... https://t.co/Pg5EK2r7Jh lewat @YouTube 
pialaduniau20 #argentina #fifa #timnasindonesia #sepakbola #fyp #psmmakassar #juaraliga1",0,sejarah duka sepakbola indonesia gagal tuan rumah piala dunia u https t co pgekrjh pialaduniau argentina fifa timnasindonesia sepakbola fyp psmmakassar juaraliga
"8 Penyelamatan Terbaik di Piala AFF 2020, Laga Indonesia Paling Dominan https://t.co/NWlhVxAP10 #PenyelamatanTerbaik #PialaAff2020",0,selamat baik piala aff laga indonesia dominan https t co nwlhvxap penyelamatanterbaik pialaaff
"Selamat berbuka puasa di bulan April Mop , sore ini Giselle pake BI FAST Jepang Hujan
https://t.co/A3DBnIY8iK

#GGMU #Trending #Indonesia #Airdrop #GanjarPranowo #PSSI",2,selamat buka puasa april mop sore giselle pake bi fast jepang hujan https t co adbniyik ggmu trending indonesia airdrop ganjarpranowo pssi
Selamat pagi dari aku yang bangga banget sama perjuangan Timnas Indonesia #PialaAFF2020 https://t.co/sHL959vZ4N,0,selamat pagi bangga banget juang timnas indonesia pialaaff https t co shlvzn
"Selamat atas prestasi Timnas Indonesia di Piala AFF 2020. Perjuangan kalian menginspirasi, kami bangga dengan semangat juang hingga akhir untuk Indonesia.

#PialaAFF2020 #AFFSuzukiCup2020 #Timnas #TimnasIndonesia #KitaGaruda #LaNyalla #IndonesiaJuara

https://t.co/5UBRkNXowI",0,selamat prestasi timnas indonesia piala aff juang inspirasi bangga semangat juang indonesia pialaaff affsuzukicup timnas timnasindonesia kitagaruda lanyalla indonesiajuara https t co ubrknxowi
"Selamat kepada Thailand yang tampil menjadi juara Piala AFF 2020 malam ini. 
#PialaAFF2020
#PialaAFF2021

 https://t.co/OeQDLSO0Cz",0,selamat thailand tampil juara piala aff malam pialaaff pialaaff https t co oeqdlsocz
"Selamat kepada Tim Sepak Bola Indonesia di ajang pertandingan Piala AFF 2020, yang telah sukses dan berhasil menempati posisi Runner Up! Sukses selalu dan terus semangat berjuang untuk tetap memberikan yang terbaik! 

#atrbpnjakartatimur 
#PialaAFF2020 https://t.co/XtcokY50bI",0,selamat tim sepak bola indonesia ajang tanding piala aff sukses hasil tempat posisi runner up sukses semangat juang baik atrbpnjakartatimur pialaaff https t co xtcokybi
Tetap semangat bosque #timnasindonesia #timnasu20 https://t.co/Hk65qDpc2h,0,semangat bosque timnasindonesia timnasu https t co hkqdpch
"Tetap semangat Garuda Muda, jangan biarkan siapapun menghancurkan mimpimu, jalan selalu ada.

https://t.co/iRiwN96WFrðŸ’ª

#PSSI #u20 #erickthohir #indonesiau20 #Jokowi #hokkycaraka #MarselinoFerdinan #FIFA #Israel https://t.co/foF2RHCGNx",0,semangat garuda muda biar hancur mimpi jalan https t co iriwnwfr pssi u erickthohir indonesiau jokowi hokkycaraka marselinoferdinan fifa israel https t co fofrhcgnx
Semangat generasi masa depan sepak bola Indonesia   #timnasindonesia #timnasu20 https://t.co/MDiftD5G4e,0,semangat generasi sepak bola indonesia timnasindonesia timnasu https t co mdiftdge
"@PSSI Semangat selalu untuk pemain Garuda Indonesia! Jaga kesehatan dan semoga lancar puasa Ramadhan bagi yang menjalankan :D
#TimnasIndonesia #PSSI",1,semangat main garuda indonesia jaga sehat moga lancar puasa ramadhan jalan timnasindonesia pssi
Tetap semangat ya broo  #timnasindonesia #timnasu20 https://t.co/NKUvI5S0md,0,semangat ya broo timnasindonesia timnasu https t co nkuvismd
"Semenjak kepemimpinan @erickthohir BUMN kacau apalagi @pertamina dan @PSSI batal jadi tuan rumah piala dunia.Itu penyebab nya terlalu banyak jabatan jadi tidak fokus.
#Pertamina #PSSI #Dumai #pialaduniau20harussukses",0,semenjak pimpin bumn kacau batal tuan rumah piala dunia itu sebab nya jabat fokus pertamina pssi dumai pialaduniauharussukses
#sepakbola #TimnasIndonesia #NajwaShihab https://t.co/qZZGhuJwd5,0,sepakbola timnasindonesia najwashihab https t co qzzghujwd
"Shin Tae-yong membeberkan kondisi anak asuhnya pasca keputusan FIFA yang membatalkan Piala Dunia U-20 2023. 

#bolaskorcom #shintaeyong #pialadunia #timnasindonesia   

https://t.co/xQWdT1WR3f",0,shin tae-yong beber kondisi anak asuh pasca putus fifa batal piala dunia u bolaskorcom shintaeyong pialadunia timnasindonesia https t co xqwdtwrf
"Shin Tae-yong Fokus ke Timnas Indonesia Senior

Selengkapnya Klik Tautan Berikut ini 
#InfoOlahraga #PelatihTimnas #ShinTaeYong #TimnasIndonesia
 https://t.co/Sect3C218r",0,shin tae-yong fokus timnas indonesia senior lengkap klik taut infoolahraga pelatihtimnas shintaeyong timnasindonesia https t co sectcr
"Shin Tae-yong kecewa Indonesia gagal gelar Piala Dunia U-20..

#bolaskorcom #shintaeyong #timnasindonesia #pssi   

https://t.co/1T2DuHmcAs",0,shin tae-yong kecewa indonesia gagal gelar piala dunia u bolaskorcom shintaeyong timnasindonesia pssi https t co tduhmcas
"Shin Tae-yong Tak Panggil Asnawi, Witan, dan Egy ke Piala AFF 2022, Ada Apa? https://t.co/giBGkJEqbp #AsnawiMangkualam #PialaAff2020 #PialaAFF2022",0,shin tae-yong panggil asnawi witan egy piala aff https t co gibgkjeqbp asnawimangkualam pialaaff pialaaff
"Shin Tae-yong sakit hati dan hanya bisa pasrah setelah mendengarkan keputusan FIFA yang mencabut status Indonesia sebagai tuan rumah Piala Dunia U-20 2023.

Kami bersamamu Coach!

#bolaskorcom #pialadunia #u20wc #worldcup #wc2023 #fifa #fifaworldcup #pssi #timnasindonesia https://t.co/jzm2Yvos7V",0,shin tae-yong sakit hati pasrah dengar putus fifa cabut status indonesia tuan rumah piala dunia u sama coach bolaskorcom pialadunia uwc worldcup wc fifa fifaworldcup pssi timnasindonesia https t co jzmyvosv
"Shin Tae-yong tidak mau terus-terusan meratapi kegagalan tim asuhannya tampil di Piala Dunia U-20 2023. 

#bolaskorcom #shintaeyong #timnasindonesia #pssi  

https://t.co/a7UfI8jH84",0,shin tae-yong terus ratap gagal tim asuh tampil piala dunia u bolaskorcom shintaeyong timnasindonesia pssi https t co aufijh
"Situs Tergacor, Teraman &amp; Terpercaya Deposit Cepat, Wd Berapapun Pasti Dibayar https://t.co/JEpi1Mx9hc 

#slotgacor #kanjuruhan #FIFA #Indonesia #Israel #PSSI #U20HarusJadi #GanjarPranowo #SahurBCS https://t.co/I6POCskAGr",1,situs tergacor ram percaya deposit cepat wd bayar https t co jepimxhc slotgacor kanjuruhan fifa indonesia israel pssi uharusjadi ganjarpranowo sahurbcs https t co ipocskagr
Strategi Shin Tae-yong Pakai Pemain Muda Dipuji Mantan Pelatih Malaysia https://t.co/aC8LGHBjVT #PialaAFF2020 #ShinTaeYong #TimnasIndonesia #TimnasMalaysia https://t.co/7xjvwZ8QOP,0,strategi shin tae-yong pakai main muda puji mantan latih malaysia https t co aclghbjvt pialaaff shintaeyong timnasindonesia timnasmalaysia https t co xjvwzqop
Syahrian Abimanyu mengungkapkan perasaannya setelah pertandingan Piala AFF 2020 resmi berakhir. Dia mengaku sedih karena ini #PialaAFF2020 https://t.co/aKwpmB0sY8,0,syahrian abimanyu asa tanding piala aff resmi aku sedih pialaaff https t co akwpmbsy
"Tae-yong akan beristirahat terlebih dulu sambil menyiapkan program untuk empat event sepanjang 2022.

#indonesia #PialaAFF2020 
https://t.co/QKdPJEXSgq",0,tae-yong istirahat program event indonesia pialaaff https t co qkdpjexsgq
"Setelah Tahan Imbang Thailand di Final Piala AFF 2020, Ini Peringkat Timnas Indonesia di Ranking FIFA
#pialaaff2020
#TimnasIndonesia
#peringkatfifa
https://t.co/mYAXFNPwLp",0,tahan imbang thailand final piala aff peringkat timnas indonesia ranking fifa pialaaff timnasindonesia peringkatfifa https t co myaxfnpwlp
Tampil Gemilang di Piala AFF Asnawi Gaet Sponsor Baru Untuk Ansan Greeners https://t.co/QiBng8r1Ti via @antvnewsplus #PialaAFF2020 #asnawi #AnsanGreeners,0,tampil gemilang piala aff asnawi gaet sponsor ansan greeners https t co qibngrti via pialaaff asnawi ansangreeners
"Tampil Gemilang di Piala AFF, Witan Sulaeman Dapat Hadiah Rumah #BuletiniNewsPagi 10/01

Selengkapnya https://t.co/MOvIOKO3wQ

#PialaAFF2020 #WitanSulaeman #SulawesiTengah https://t.co/to62rw7Y85",0,tampil gemilang piala aff witan sulaeman hadiah rumah buletininewspagi lengkap https t co moviokowq pialaaff witansulaeman sulawesitengah https t co torwy
"Penampilan penjaga gawang #TimnasIndonesia, #NadeoArgawinata pada #PialaAFF2020 berbuah manis, ia mendapat bonus sebesar Rp30 juta!

Baca selengkapnya ðŸ‘‡
https://t.co/UftyviUC32",1,tampil jaga gawang timnasindonesia nadeoargawinata pialaaff buah manis bonus rp juta baca lengkap https t co uftyviuc
"Tampil Menawan di Piala AFF 2020, 3 Pemain Timnas Indonesia Jadi Target Buruan Klub Luar Negeri
https://t.co/4k0Dd9ma5a via @tribunkaltim 

#TimnasIndonesia #AFFCup2020 #PialaAFF2020",0,tampil tawan piala aff main timnas indonesia target buru klub negeri https t co kddmaa via timnasindonesia affcup pialaaff
"Temui Pemain Timnas U-20, Jokowi: Jangan Patah Semangat.......
#timnasu20 
#Jokowi 
#PSSI 
#FIFA 
#pialaduniau20 

https://t.co/hxbryCxvvn",0,temu main timnas u jokowi patah semangat timnasu jokowi pssi fifa pialaduniau https t co hxbrycxvvn
"Terima kasih atas dedikasi dan perjuangan para atlet dan pelatih.
Tetap tegakkan kepala, semangat meraih kemenangan yang akan datang. âœŠðŸ»

#TahunBaru2022
#ATRBPNKiniLebihBaik
#MelayaniProfesionalTerpercaya
#negaRAhadir
#PerangiMAFIATanah
#TimnasIndonesia
#PialaAFF2020",0,terima kasih dedikasi juang atlet latih tegak kepala semangat raih menang tahunbaru atrbpnkinilebihbaik melayaniprofesionalterpercaya negarahadir perangimafiatanah timnasindonesia pialaaff
"Terima kasih Timnas Indonesia
#pialaaff2020 #TimnasIndonesia https://t.co/IRtX8oIFMU",0,terima kasih timnas indonesia pialaaff timnasindonesia https t co irtxoifmu
"Terima kasih atas usaha dan kerja kerasnya~ 
Kami Indonesia pasti akan tetap mendukung ðŸ’ª

Indonesia harus puas menjadi runner-up Piala AFF 2020 setelah kalah secara agregat dalam dua leg final Piala AFF 2020. (Sumber foto: https://t.co/JtTfICfMh7)

#Indonesia
#PialaAFF2020 https://t.co/KlkpCEQxj9",0,terima kasih usaha kerja keras indonesia dukung indonesia puas runner-up piala aff kalah agregat leg final piala aff sumber foto https t co jttficfmh indonesia pialaaff https t co klkpceqxj
"tetaplah lakukan yg terbaik buat bangsa dan negara kita ,wahai anak muda yg kami banggakan,
pasti ada hikmah dibalik semua nya ini,
Tuhan beserta kalian
#U20 
#FIFA 
#indonesia
#PSSI https://t.co/PGYtECSW1W",0,tetap laku yg baik bangsa negara anak muda yg bangga hikmah balik nya tuhan serta u fifa indonesia pssi https t co pgytecsww
"Thailand menjuarai Piala AFF 2020 setelah mengalahkan Indonesia di Final. Thailand menang dengan agregat 6-2 setelah menang 4-0 pada leg pertama dan imbang 2-2 pada leg kedua.

#Thailand #PialaAFF2020 #PialaAFF #TimnasPastiJuara #lampostco
https://t.co/ERKw2ns0to",0,thailand juara piala aff kalah indonesia final thailand menang agregat menang leg imbang leg thailand pialaaff pialaaff timnaspastijuara lampostco https t co erkwnsto
"Thank you coach STY #STYSTAY #Timnas #TimnasIndonesia #SelamanyaGaruda #PialaAFF #PialaAFF2020 

 https://t.co/izOrGh58JK",1,thank you coach sty stystay timnas timnasindonesia selamanyagaruda pialaaff pialaaff https t co izorghjk
"ðŸ—£""Then Tajikistan ðŸ‡¹ðŸ‡¯ and China ðŸ‡¨ðŸ‡³ , which we are now asking for validation,"" said Indra Sjafri, head coach of U22 Indonesia

#PSSI",0,then tajikistan and china which we are now asking for validation said indra sjafri head coach of u indonesia pssi
"Kamu tim yang pro atau kontra nih sama tanggapan satu ini?

Saksikan #MetroTVKontroversi episode ASA TUAN RUMAH MUSNAH SUDAH di https://t.co/5AWRphxMkC

#PialaDuniaU20 #PialaDuniaU20Batal #TimnasIndonesia #TimnasIsrael #FIFA #PSSI https://t.co/AiB1QjcKvz",0,tim pro kontra nih tanggap saksi metrotvkontroversi episode asa tuan rumah musnah https t co awrphxmkc pialaduniau pialaduniaubatal timnasindonesia timnasisrael fifa pssi https t co aibqjckvz
"Timnas Indonesia  masih bisa berkembang ke depannya https://t.co/0lAjedtgqO

#SeputariNewsRCTI #SeputariNewsRCTI #SeputariNewsPagi #SeputariNews #ShinTaeyong #Indonesia #GarudaMuda #TimnasGaruda #SepakBola #PialaAFF2020 #SuzukiAFF2020 #Indonesia #PelatihThailand #AlexandrePolking https://t.co/6BunD5HFcj",0,timnas indonesia kembang depan https t co lajedtgqo seputarinewsrcti seputarinewsrcti seputarinewspagi seputarinews shintaeyong indonesia garudamuda timnasgaruda sepakbola pialaaff suzukiaff indonesia pelatihthailand alexandrepolking https t co bundhfcj
"Bagi Timnas Indonesia ternyata ini bisa jadi kiamat karena potensi mata pencaharian mereka yang hilang. Lantas, apa solusinya?

Saksikan #MetroTVKontroversi episode ASA TUAN RUMAH MUSNAH SUDAH di https://t.co/5AWRphxMkC

#PialaDuniaU20 #TimnasIndonesia #TimnasIsrael #FIFA #PSSI https://t.co/UuAFdS3s3s",0,timnas indonesia kiamat potensi mata cahari hilang lantas solusi saksi metrotvkontroversi episode asa tuan rumah musnah https t co awrphxmkc pialaduniau timnasindonesia timnasisrael fifa pssi https t co uuafdsss
"Timnas Indonesia takluk di tangan Thailand dalam final Piala AFF 2020 dengan agregat skor 2-6.
#TimnasIndonesia #pssi #PialaAFF2020 
https://t.co/BVJEumsrJI",0,timnas indonesia takluk tangan thailand final piala aff agregat skor timnasindonesia pssi pialaaff https t co bvjeumsrji
"Timnas Indonesia kembali ke Tanah Air Seusai Piala AFF 2020, tak Ada Elkan Baggott, Kata Ketum PSSI
 
#TimnasIndonesia #TimnasDay #PialaAFF #PialaAFF2020 #WitanSulaeman #ElkanBaggott #EgyMaulanaVikri #KetumPSSI #PSSI

https://t.co/l7UU1wONIL via @tribunkaltim",0,timnas indonesia tanah air piala aff elkan baggott tum pssi timnasindonesia timnasday pialaaff pialaaff witansulaeman elkanbaggott egymaulanavikri ketumpssi pssi https t co luuwonil via
Timnas Indonesia U-20 Gagal Tampil di Piala Dunia U-20 2023!! #timnas #liga #timnasu #timnasindonesia #indonesia #sepakbola #timnasday #timnasindonesia #timnasU20 #pialaduniaindonesia #fifa #pssi #fyp #ganjarpranomo #tolakganjarjadipresiden https://t.co/CR8OTCa0iI,0,timnas indonesia u gagal tampil piala dunia u timnas liga timnasu timnasindonesia indonesia sepakbola timnasday timnasindonesia timnasu pialaduniaindonesia fifa pssi fyp ganjarpranomo tolakganjarjadipresiden https t co crotcaii
"Timnas Indonesia U-20 secara resmi dibubarkan setelah Indonesia batal selenggarakan Piala Dunia U-20 2023 sebagai tuan rumah.
#ThePhraseID #TimnasU20 #timnasindonesia #Indonesia #PialaDuniaU20 #shintaeyong #PSSI @PSSI 
https://t.co/tBInREqGa1",0,timnas indonesia u resmi bubar indonesia batal selenggara piala dunia u tuan rumah thephraseid timnasu timnasindonesia indonesia pialaduniau shintaeyong pssi https t co tbinreqga
"Timnas Indonesia U-20 Resmi Dibubarkan, Ini Pesan Terakhir Shin Tae Yong kepada Seluruh Pemain https://t.co/vhHQVl0bnw #PialaDuniaU-20 #PSSI #ShinTaeYong #TimnasU-20",0,timnas indonesia u resmi bubar pesan shin tae yong main https t co vhhqvlbnw pialaduniau pssi shintaeyong timnasu
Timnas pupus sudah bermain di piala dunia!! #timnasindonesia #timnasU20 #pialaduniaindonesia #fifa #pssi #fyp #timnas #liga #timnasu #timnasindonesia #indonesia #sepakbola #timnasday #ganjarpranomo #tolakganjarjadipresiden https://t.co/ym7mhVOQtJ,0,timnas pupus main piala dunia timnasindonesia timnasu pialaduniaindonesia fifa pssi fyp timnas liga timnasu timnasindonesia indonesia sepakbola timnasday ganjarpranomo tolakganjarjadipresiden https t co ymmhvoqtj
"Timnas Sepak Bola U-20 Indonesia Dibubarkan, Wakil Ketua Umum PSSI Sempat Minta Ini ke Shin Tae Yong #TimnasU20 #PSSI #ShinTaeYong https://t.co/jlK52Whlnd",0,timnas sepak bola u indonesia bubar wakil ketua pssi shin tae yong timnasu pssi shintaeyong https t co jlkwhlnd
"Timnas Sepakbola Putri Indonesia bersiap hadapi laga di Kualifikasi #olipiadeparis2024 
https://t.co/PWpXqb3Y3p
#AustralianGP #timnasday #TimnasU20 #timnasindonesia #JoshuaFranklin #BBTitans #SUGA_AgustD_TOUR #PSSI",0,timnas sepakbola putri indonesia hadap laga kualifikasi olipiadeparis https t co pwpxqbyp australiangp timnasday timnasu timnasindonesia joshuafranklin bbtitans suga agustd tour pssi
"timnas u20 gagal di PD U-20 rasanya seperti besok siang dilantik jadi Presiden tapi gajadi karena ketahuan ngintip nenek tetangga mandi.ðŸ¤ŸâœŒï¸
#TimnasU20 #TimnasIndonesia #pialaduniau20 #FIFA #capres2024 #pssi #BOLA #timnas #gagalmaninggagalmaning",0,timnas u gagal pd u besok siang lantik presiden gajadi tahu ngintip nenek tetangga mandi timnasu timnasindonesia pialaduniau fifa capres pssi bola timnas gagalmaninggagalmaning
"#timnasindonesia #lebanon #seagames2023 #ujicoba 

Timnas Indonesia U-22 Ujicoba Vs Lebanon

https://t.co/2uBr7rOHnv",0,timnasindonesia lebanon seagames ujicoba timnas indonesia u ujicoba vs lebanon https t co ubrrohnv
"@skuatgaruda @ultrasgaruda_45  @ultrasgaruda #TimnasU20 #TimnasIndonesia 

????????? 
kalau benar 2024 kami kan membalasnya https://t.co/GVvXmgJ4lH",0,timnasu timnasindonesia balas https t co gvvxmgjlh
"Tito Wiratama alami rasa kecewa atas pemerintah daerahnya sendiri. Kecewa juga ga nih kamu?

Saksikan #MetroTVKontroversi episode ASA TUAN RUMAH MUSNAH SUDAH di https://t.co/5AWRphxMkC

#PialaDuniaU20 #PialaDuniaU20Batal #TimnasIndonesia #TimnasIsrael #FIFA #PSSI https://t.co/Q4FAW3VFBy",0,tito wiratama alami kecewa perintah daerah kecewa ga nih saksi metrotvkontroversi episode asa tuan rumah musnah https t co awrphxmkc pialaduniau pialaduniaubatal timnasindonesia timnasisrael fifa pssi https t co qfawvfby
"ðŸ‡®ðŸ‡© To prepare for the 2023 SEA Games, U22 Indonesia has planned to play 4 friendly matches.

The schedule for 2 matches against Lebanon has also been announced.

11/4 | U22 Indonesia ðŸ‡®ðŸ‡© ðŸ†š ðŸ‡±ðŸ‡§ U22 Lebanon
13/4 | U22 Indonesia ðŸ‡®ðŸ‡© ðŸ†š ðŸ‡±ðŸ‡§ U22 Lebanon

#PSSI https://t.co/sCVinEf7eD",1,to prepare for the sea games u indonesia has planned to play friendly matches the schedule for matches against lebanon has also been announced u indonesia u lebanon u indonesia u lebanon pssi https t co scvinefed
"Mereka yang menolak Israel mempunyai argumen yang VALID 

#FIFA #pialaduniau20 #PialaDuniaU20Indonesia #sepakbola #Palestina #PSSI https://t.co/bdpwPaT5g1",0,tolak israel argumen valid fifa pialaduniau pialaduniauindonesia sepakbola palestina pssi https t co bdpwpatg
#TolakTimIsrael #TolakU20Israel #TolakTimnasIsrael #Indonesia #Menpora #Menlu #PSSI #PialaDuniaU20 #Ahlulbayt #Ahlulbait #AhlulbaitIndonesia #PanduAhlulbait,0,tolaktimisrael tolakuisrael tolaktimnasisrael indonesia menpora menlu pssi pialaduniau ahlulbayt ahlulbait ahlulbaitindonesia panduahlulbait
"Trending: Lanjutan Piala FA 2021-2022 hingga AoT Final Season  https://t.co/hB00Kfgk6J 

#dataindonesia #pialaaff2020 #pialaaff #Trending https://t.co/OzAQRa11ra",0,trending lanjut piala fa aot final season https t co hbkfgkj dataindonesia pialaaff pialaaff trending https t co ozaqrara
"Usai Tuntaskan Laga Piala AFF 2020, Tim Garuda Kembali ke Indonesia Hari Ini #iNewsSiang 02/01

Selengkapnya https://t.co/juZ76dE7XX

#PialaAff2020 #ElkanBaggot #ShinTaeYong #TimnasIndonesia https://t.co/Sk2lNhiGcZ",0,tuntas laga piala aff tim garuda indonesia inewssiang lengkap https t co juzdexx pialaaff elkanbaggot shintaeyong timnasindonesia https t co sklnhigcz
"U-20 Itu Spekulasi Erick Saja

jika memang kondisinya tidak memungkinkan, mestinya terus terang dan menyatakan Indonesia belum mampu.

Tapi drama perjuangan justru yang dijadikan jargon media sosial Erick.

#FIFA23 #FIFA #PSSI #U20 https://t.co/cAO3KplIWw",0,u spekulasi erick kondisi mesti terang indonesia drama juang jadi jargon media sosial erick fifa fifa pssi u https t co caokpliww
"Waduh! Uang Hadiah Piala AFF 2020 Belum Diterima, Ini yang Dilakukan #PSSI- https://t.co/AKmirctL5W
#PialaAFF2020 #TimnasIndonesia https://t.co/g3imUH2O3r",0,uang hadiah piala aff terima pssi https t co akmirctlw pialaaff timnasindonesia https t co gimuhor
"Ucapan Selamat Jokowi: Timnas Indonesia Sudah Berjuang dengan Gigih, Saya Tetap Bangga

Video Selengkapnya : https://t.co/ozSpSqSGMw

#Jokowi #TimnasIndoensia #PialaAFF2020 #PresidenJokowi #TimnasThailand #FinalPialaAFF #AFFSuzukiCup2020 https://t.co/1jEQjbhihS",0,ucap selamat jokowi timnas indonesia juang gigih bangga video lengkap https t co ozspsqsgmw jokowi timnasindoensia pialaaff presidenjokowi timnasthailand finalpialaaff affsuzukicup https t co jeqjbhihs
udah pada tau ini blm? #israel #Palestine #u20 #PSSI #TimnasU20 https://t.co/LOYckeBLHa,0,udah tau blm israel palestine u pssi timnasu https t co loyckeblha
"Terungkap, Erick Thohir Bocorkan Isi Surat FIFA ke Jokowi: Seriuskah Indonesia?

#erickthohir #fifa #jokowi #timnasindonesia #poskota

https://t.co/5HuDb93f0R",0,ungkap erick thohir bocor isi surat fifa jokowi serius indonesia erickthohir fifa jokowi timnasindonesia poskota https t co hudbfr
"0-3, Update Skor Timnas Indonesia vs Thailand Final Piala AFF 2020, Profil Supachok Sarachat

#PialaAFF #PialaAFF2020 #TimnasIndonesia #TimnasIndonesiavsThailand #AFF2020 #AFFCup2020 #TimnasDay #SupachokSarachat 
 
https://t.co/KZ9ceK7x4P via @tribunkaltim",0,update skor timnas indonesia vs thailand final piala aff profil supachok sarachat pialaaff pialaaff timnasindonesia timnasindonesiavsthailand aff affcup timnasday supachoksarachat https t co kzcekxp via
"#VideoTerpopuler 
Target Shin Tae Yong Setelah Indonesia Gagal Menjadi Tuan Rumah Piala Dunia U-20
#ShinTaeYong #TimnasIndonesia #PialaDuniaU20

https://t.co/zR6VagW592",0,videoterpopuler target shin tae yong indonesia gagal tuan rumah piala dunia u shintaeyong timnasindonesia pialaduniau https t co zrvagw
"viral sepak bola palestina dan indonesia terancam sanksi FIFA
#PialaDuniaU20
 #palestina #indonesia #PSSI #FIFA #pialadunia https://t.co/aJil7LYgKD",0,viral sepak bola palestina indonesia ancam sanksi fifa pialaduniau palestina indonesia pssi fifa pialadunia https t co ajillygkd
"Ada Wacana Pemain Timnas U-20 Akan Digabung Satu Tim dan Ikut di Liga, Panca: Pantas Tidak Maju-maju https://t.co/cJnNf1B1Ng #CiptaPancaLaksana #demokrat #PialaDuniaU-20 #TimnasIndonesia",0,wacana main timnas u gabung tim liga panca maju https t co cjnnfbng ciptapancalaksana demokrat pialaduniau timnasindonesia
"Wani?
#PialaDuniaU20 #erickthohir #PSSI https://t.co/w5LTkhDuMV",0,wani pialaduniau erickthohir pssi https t co wltkhdumv
"Warganet sebut lebay, curhatan Hokky Caraka bak mencoreng nama PSSI, demi timnas sampai tinggalkan sekolah?
#HokkyCaraka #PSSI #TimnasU20
https://t.co/FIuo2QTTBD",0,warganet lebay curhatan hokky caraka bak coreng nama pssi timnas tinggal sekolah hokkycaraka pssi timnasu https t co fiuoqttbd
"We know moving on is hardâ€¦ ðŸ˜¢

#Jokowi #ErickThohir #PSSI #timnasU20 #PialaDuniaU20 #pinterpolitik #beritapolitik #infografis #politik #politikIndonesia https://t.co/zgdhfQwtdz",0,we know moving on is hard jokowi erickthohir pssi timnasu pialaduniau pinterpolitik beritapolitik infografis politik politikindonesia https t co zgdhfqwtdz
"Wes tau tak jagakne  jebul e blenjani. Iki kudu piye? 
#PSSI #WrestleMania #skijumpingfamily",0,wes tau jagakne jebul e blenjani iki kudu piye pssi wrestlemania skijumpingfamily
"Wilujeng Milangkala Pak Sekretaris Jendral DPP PKB @EmHasanuddin ðŸ‡²ðŸ‡¨ðŸ‡²ðŸ‡¨ðŸ‡²ðŸ‡¨ðŸ‡²ðŸ‡¨

#pssi #gusmuhaimin #cakimin #emhasanuddin #syaifulhuda #komisix #pialaduniau20 #israel #palestine #muhaiminiskandar #pkb 

@dpp_pkb @cakiminow @emhasanuddin @syaifulhooda @ajam_acep_jamaludin https://t.co/rCzGtNnYq9",0,wilujeng milangkala sekretaris jendral dpp pkb pssi gusmuhaimin cakimin emhasanuddin syaifulhuda komisix pialaduniau israel palestine muhaiminiskandar pkb https t co rczgtnnyq
Mereka yg menolak Israel mempunyai argumen yg valid #FIFA #U20 #PSSI #sepakbola #pialaduniau20 https://t.co/AstgwdDJPs,0,yg tolak israel argumen yg valid fifa u pssi sepakbola pialaduniau https t co astgwddjps
"Yoo Jae Hoon: Sebagai Orang Asing, Saya Bangga dengan Perjuangan Timnas Indonesia #PialaAFF2020 https://t.co/v57h6VrCeW",0,yoo jae hoon orang asing bangga juang timnas indonesia pialaaff https t co vhvrcew
